,Date,Price,Open,High,Low,Vol.
984,1/4/2021,1042.4,977.76,1158.27,894.24,5190
983,1/5/2021,1099.52,1042.48,1131.56,976.91,3250
982,1/6/2021,1207.77,1099.77,1210.78,1060.67,3750
981,1/7/2021,1224.35,1208.71,1286.81,1153.09,2710
980,1/8/2021,1215.73,1224.33,1271.08,1069.25,2710
979,1/9/2021,1275.58,1215.92,1301.75,1172.39,1990
978,1/10/2021,1256.04,1275.87,1347.98,1180.45,2650
977,1/11/2021,1091.47,1255.84,1257.3,917.96,4190
976,1/12/2021,1050.19,1086.96,1149.19,1008.28,3090
975,1/13/2021,1128.46,1050.2,1134.66,990.96,2250
974,1/14/2021,1226.17,1128.8,1246.52,1088.52,1550
973,1/15/2021,1171.68,1233.34,1256.13,1079.19,2850
972,1/16/2021,1228.27,1172.12,1290.92,1154.04,2290
971,1/17/2021,1232.64,1228.33,1269.01,1168.39,2150
970,1/18/2021,1258.06,1233.93,1260.3,1184.15,1730
969,1/19/2021,1372,1258.1,1437.42,1252.36,2270
968,1/20/2021,1377.53,1372,1406.56,1237.27,3050
967,1/21/2021,1117.33,1377.63,1387.39,1095.26,2760
966,1/22/2021,1234.58,1118.01,1272.85,1045.02,2940
965,1/23/2021,1233.4,1234.34,1271.65,1196.94,1460
964,1/24/2021,1390.28,1233.41,1398,1222.14,2300
963,1/25/2021,1317.9,1390.69,1474.68,1298.13,2770
962,1/26/2021,1366.27,1317.67,1377.94,1246.45,2560
961,1/27/2021,1247.62,1366.14,1372.31,1210.4,2900
960,1/28/2021,1328.47,1247.67,1359.51,1221.15,814310
959,1/29/2021,1379.3,1329.16,1436.27,1288.26,3330
958,1/30/2021,1376.96,1379.78,1405.78,1327.66,1590
957,1/31/2021,1312.73,1377.05,1380.04,1282.41,1540
956,2/1/2021,1373.4,1312.69,1376.44,1272.09,1650
955,2/2/2021,1511.36,1373.31,1546.88,1361.63,2730
954,2/3/2021,1664.34,1511.96,1667.93,1510.27,2270
953,2/4/2021,1594,1664.19,1693.64,1570.45,2340
952,2/5/2021,1719.2,1593.91,1760.09,1589.28,1800
951,2/6/2021,1676.63,1719.11,1742.9,1648.03,1780
950,2/7/2021,1612.99,1676.62,1692.29,1491.68,1940
949,2/8/2021,1750.18,1612.98,1775.12,1566.43,2170
948,2/9/2021,1770.63,1750.19,1818.94,1711.4,1940
947,2/10/2021,1742.09,1770.81,1835.4,1683.52,2010
946,2/11/2021,1786.35,1742.11,1817.68,1704.97,1560
945,2/12/2021,1841.02,1786.74,1862.17,1741.04,1750
944,2/13/2021,1815.49,1840.9,1871.36,1766.05,1440
943,2/14/2021,1801.78,1815.44,1850,1787.11,1430
942,2/15/2021,1778.82,1800.6,1835.51,1661.09,1940
941,2/16/2021,1781.69,1778.63,1827.07,1726.78,1480
940,2/17/2021,1847.95,1781.44,1854.03,1734.15,1690
939,2/18/2021,1934.16,1849.95,1950.04,1849.05,881870
938,2/19/2021,1955.59,1934.17,1968.93,1892.7,1780
937,2/20/2021,1913.88,1955.54,2040.79,1800,2290
936,2/21/2021,1933.45,1912.97,1974.99,1885.7,1470
935,2/22/2021,1777.28,1933.52,1935.04,1561.68,2680
934,2/23/2021,1578.11,1777.25,1781.44,1370.45,3600
933,2/24/2021,1623.71,1578.27,1711.16,1505.79,2190
932,2/25/2021,1476.15,1623.76,1669.24,1460.92,1750
931,2/26/2021,1445.44,1476.77,1561.66,1403.3,2130
930,2/27/2021,1458.93,1445.69,1527.69,1427.15,1560
929,2/28/2021,1418.76,1458.84,1467.76,1294.79,2070
928,3/1/2021,1570.03,1418.91,1571.15,1411.55,1920
927,3/2/2021,1488.62,1570,1602.13,1457.22,1740
926,3/3/2021,1571.05,1488.8,1653.04,1477.72,1170
925,3/4/2021,1538.61,1567.84,1623.73,1506.86,1700
924,3/5/2021,1530.29,1539.73,1548.71,1443.32,1670
923,3/6/2021,1649.19,1530.24,1670.01,1514.62,2070
922,3/7/2021,1728.1,1650.94,1732.84,1634.73,1690
921,3/8/2021,1831.49,1727.17,1841.05,1665.54,1970
920,3/9/2021,1869.1,1831.57,1869.1,1801.29,1580
919,3/10/2021,1794.14,1869.32,1875.98,1759.5,1660
918,3/11/2021,1825.79,1794.28,1845.32,1729.05,1580
917,3/12/2021,1766.9,1827.44,1841.19,1723.18,1520
916,3/13/2021,1921.13,1767.05,1943.36,1730.46,1790
915,3/14/2021,1849.06,1921.29,1932.36,1836.78,671560
914,3/15/2021,1792.38,1848.18,1890.59,1745.04,1700
913,3/16/2021,1804.85,1792.08,1817.35,1715.97,1810
912,3/17/2021,1823.35,1804.56,1837.88,1743.62,1500
911,3/18/2021,1776.08,1823.72,1849.23,1760.83,1530
910,3/19/2021,1809.64,1775.87,1848.88,1735.42,1200
909,3/20/2021,1804.6,1809.09,1868.09,1801.6,27030
908,3/21/2021,1783.72,1804.6,1815.85,1748.47,1430
907,3/22/2021,1682.37,1783.58,1806.62,1659.28,1580
906,3/23/2021,1667.9,1681.5,1720.01,1654.14,1460
905,3/24/2021,1582.38,1668.42,1739.82,1546.48,1880
904,3/25/2021,1586.54,1582.23,1621.32,1550.11,1540
903,3/26/2021,1698.6,1586.36,1699.27,1586.28,1640
902,3/27/2021,1713.01,1698.68,1731.73,1667.12,1400
901,3/28/2021,1686.8,1712.89,1724.74,1661.92,1310
900,3/29/2021,1816.69,1686.88,1839.41,1678.38,1940
899,3/30/2021,1841.01,1816.92,1857.65,1788.6,3030
898,3/31/2021,1917.99,1841.01,1945.4,1774.66,2590
897,4/1/2021,1967.96,1918.82,1983.84,1897.38,2080
896,4/2/2021,2134.55,1968.12,2144.11,1949.99,2470
895,4/3/2021,2008.59,2134.66,2137.68,2004.4,2010
894,4/4/2021,2075.94,2007.82,2091.31,1982,1590
893,4/5/2021,2106.41,2076.14,2127.89,2004.05,2310
892,4/6/2021,2111.53,2108.81,2150.78,2047.48,1930
891,4/7/2021,1961.46,2112.41,2128.25,1939.64,2300
890,4/8/2021,2079.92,1962.44,2084.08,1951.83,1730
889,4/9/2021,2066.93,2080.2,2101.07,2050.39,2470
888,4/10/2021,2133.79,2067.26,2197.73,2058.23,2090
887,4/11/2021,2151.42,2133.89,2164.76,2114.55,1970
886,4/12/2021,2137.81,2150.79,2199.52,2103.73,2160
885,4/13/2021,2299.93,2137.55,2315.47,2136.49,2380
884,4/14/2021,2431.56,2299.25,2445.4,2281.49,2110
883,4/15/2021,2514.22,2432.9,2541.9,2402.75,1910
882,4/16/2021,2423.18,2514.55,2544.54,2302.3,2080
881,4/17/2021,2318.33,2424.12,2493.93,2314.12,1730
880,4/18/2021,2237.17,2317.88,2338.53,1948.93,2760
879,4/19/2021,2160.63,2236.1,2275.87,2081.3,1900
878,4/20/2021,2332.14,2161.06,2345.18,2058,1860
877,4/21/2021,2360.81,2331.84,2467.51,2238.15,2100
876,4/22/2021,2401.1,2360.32,2642.99,2313.46,3170
875,4/23/2021,2367.31,2398.95,2440.21,2119.26,3460
874,4/24/2021,2215.93,2367.35,2367.46,2159.6,1610
873,4/25/2021,2316.48,2217.23,2355.2,2169.91,1020
872,4/26/2021,2533.12,2320.63,2539.8,2305.97,1790
871,4/27/2021,2665.24,2531.07,2677.95,2484.44,1450
870,4/28/2021,2746.54,2665.83,2759.03,2562.74,1740
869,4/29/2021,2757.36,2746.51,2797.52,2670.35,1650
868,4/30/2021,2772.78,2757.02,2797.61,2726.03,1520
867,5/1/2021,2944.66,2772.27,2951.74,2753.6,1510
866,5/2/2021,2950.33,2945.04,2984.52,2854.12,1300
865,5/3/2021,3429.37,2950.07,3451.44,2950.07,2320
864,5/4/2021,3286.71,3429.48,3516.34,3188.9,2740
863,5/5/2021,3522.76,3284.31,3540.78,3228.86,1870
862,5/6/2021,3489.52,3522.74,3601.59,3380.6,1510
861,5/7/2021,3481.22,3490.83,3583.34,3363.56,1350
860,5/8/2021,3905.55,3479.81,3952.88,3453.37,1340
859,5/9/2021,3922.23,3905.69,3979.77,3734.44,1940
858,5/10/2021,3947.9,3923.48,4203.98,3669.84,2700
857,5/11/2021,4167.78,3948.66,4177.53,3781.86,1270
856,5/12/2021,3811.77,4173.61,4366.1,3794.15,2780
855,5/13/2021,3719.62,3807.5,4031.99,3539.96,3210
854,5/14/2021,4075.38,3719.46,4171.76,3694.54,2060
853,5/15/2021,3641.65,4074.57,4129.99,3639.12,1940
852,5/16/2021,3582.12,3643.67,3877.2,3351.92,2280
851,5/17/2021,3279.68,3582.19,3582.27,3130.12,2850
850,5/18/2021,3377.55,3280.5,3558.57,3244.93,2300
849,5/19/2021,2435.69,3376.22,3434.01,1922.25,6420
848,5/20/2021,2777.55,2436.59,2988.52,2163.4,4330
847,5/21/2021,2433.11,2766.88,2931.66,2111.42,4230
846,5/22/2021,2291.6,2433.09,2481.06,2162.84,2820
845,5/23/2021,2101.34,2292.68,2379.89,1739.91,3520
844,5/24/2021,2646.79,2101.3,2667.2,2080.87,3240
843,5/25/2021,2705.09,2647.27,2747.49,2388.81,3280
842,5/26/2021,2884.66,2705.69,2908.37,2648.1,2660
841,5/27/2021,2735.88,2885.02,2885.87,2638.62,2390
840,5/28/2021,2414.29,2742.39,2760.17,2332.43,3260
839,5/29/2021,2276.07,2411.68,2567.42,2207.21,2940
838,5/30/2021,2386.1,2276.97,2465.84,2181.93,2800
837,5/31/2021,2708.47,2386.93,2713.98,2279.42,2830
836,6/1/2021,2633.67,2707.94,2738.23,2529.73,2450
835,6/2/2021,2706.1,2633.74,2801,2554.88,2600
834,6/3/2021,2853.35,2705.05,2889.19,2666.39,1090
833,6/4/2021,2686.5,2856.63,2856.63,2557.71,2470
832,6/5/2021,2628.98,2688.75,2814.02,2555.98,2550
831,6/6/2021,2713.66,2628.43,2743.53,2614.48,756360
830,6/7/2021,2592.63,2713.52,2842.88,2581.24,3010
829,6/8/2021,2510.65,2592.12,2618.7,2320.64,75180
828,6/9/2021,2606.23,2507.86,2620.74,2408.37,2320
827,6/10/2021,2469.97,2607.45,2615.46,2432.41,1290
826,6/11/2021,2351.45,2470.04,2493.48,2324.21,587180
825,6/12/2021,2368.47,2351.45,2448.04,2260.8,1800
824,6/13/2021,2508.27,2368.68,2547.9,2311.96,1620
823,6/14/2021,2581.48,2508.49,2606.91,2467.61,1790
822,6/15/2021,2543.83,2581.42,2637.9,2512.39,1950
821,6/16/2021,2367.28,2544.35,2552.12,2353.24,1370
820,6/17/2021,2371.62,2367.78,2459.11,2309.08,1060
819,6/18/2021,2229.53,2372.1,2376.62,2142.74,778790
818,6/19/2021,2166.91,2229.53,2276.7,2164.14,1080
817,6/20/2021,2243.86,2166.3,2276.83,2045.03,1420
816,6/21/2021,1891.18,2244.25,2257.86,1868.32,2690
815,6/22/2021,1876.66,1890.95,1994.32,1707.24,2840
814,6/23/2021,1968.39,1877.28,2043.1,1823.57,1770
813,6/24/2021,1989.14,1968.76,2033.96,1886.74,1640
812,6/25/2021,1810.57,1989.77,2017.47,1793.47,1650
811,6/26/2021,1830.62,1810.53,1850.4,1719.32,1990
810,6/27/2021,1979.88,1830.42,1980.7,1808.59,1870
809,6/28/2021,2083.09,1981.24,2142.84,1962.89,2190
808,6/29/2021,2158.71,2083.48,2241.86,2076.17,898060
807,6/30/2021,2273.84,2158.32,2281.55,2090.61,1900
806,7/1/2021,2109.11,2274.5,2274.63,2077.56,1710
805,7/2/2021,2154.78,2108.58,2158.7,2019.75,1390
804,7/3/2021,2224.7,2154.53,2236.97,2115.8,1280
803,7/4/2021,2323.22,2224.7,2386.2,2222.95,1390
802,7/5/2021,2196.16,2322.6,2322.6,2163.09,822950
801,7/6/2021,2322.72,2196.25,2347.47,2194.2,1780
800,7/7/2021,2316.57,2322.74,2402.68,2296.43,1320
799,7/8/2021,2120.22,2316.21,2322.47,2095.92,1820
798,7/9/2021,2145.89,2120.05,2185.62,2066.09,1420
797,7/10/2021,2111.12,2146.15,2191.3,2078.43,929320
796,7/11/2021,2139.35,2110.9,2173.34,2081.62,724840
795,7/12/2021,2035.09,2139.44,2167.6,2008.66,540100
794,7/13/2021,1940.72,2035.09,2042.61,1920.62,717850
793,7/14/2021,1994.64,1940.48,2017.99,1868.45,1050
792,7/15/2021,1917.21,1994.73,2038.91,1884.81,645060
791,7/16/2021,1878.2,1917.21,1960.21,1852.42,619620
790,7/17/2021,1897.98,1877,1917.8,1851.97,623520
789,7/18/2021,1892.42,1898.01,1988.24,1881.6,829770
788,7/19/2021,1818.07,1891.43,1915.15,1807.19,802780
787,7/20/2021,1786.07,1818.07,1840.36,1720.7,1200
786,7/21/2021,1994.49,1786.18,2029.51,1758.64,1510
785,7/22/2021,2024.58,1994.61,2043.26,1952.31,1020
784,7/23/2021,2123.61,2024.51,2129.66,2000.27,961670
783,7/24/2021,2151.85,2124,2162.29,2106.71,907110
782,7/25/2021,2189.79,2166.98,2195.03,2108.74,786940
781,7/26/2021,2229.53,2189.74,2430.01,2174.44,1890
780,7/27/2021,2300.22,2230.24,2318.68,2152.92,1250
779,7/28/2021,2299.11,2300.21,2343.49,2246.23,968940
778,7/29/2021,2380.93,2299.46,2397.71,2269.15,642750
777,7/30/2021,2460.95,2380.59,2467.4,2320.8,1030
776,7/31/2021,2532.19,2461.08,2551.68,2421.7,507080
775,8/1/2021,2556.23,2530.94,2696.38,2515.26,1200
774,8/2/2021,2608.04,2556.07,2664.73,2513.51,970670
773,8/3/2021,2506.65,2608.01,2631.43,2445.49,158450
772,8/4/2021,2725.29,2506.5,2766.46,2462.32,1230
771,8/5/2021,2827.21,2725.28,2842.95,2533.51,1650
770,8/6/2021,2889.43,2827.23,2946.62,2726.04,1060
769,8/7/2021,3158,2889.58,3169.74,2867.58,64840
768,8/8/2021,3012.07,3158.3,3188.49,2949.66,1250
767,8/9/2021,3162.93,3011.88,3184.84,2899.24,1440
766,8/10/2021,3140.71,3162.81,3232.02,3057.84,1120
765,8/11/2021,3163.66,3140.86,3269.7,3122.67,950120
764,8/12/2021,3043.61,3160.17,3236.28,2981.35,965630
763,8/13/2021,3322.43,3043.2,3324.53,3035.52,795540
762,8/14/2021,3264.69,3322.25,3328.38,3209.45,658600
761,8/15/2021,3308.87,3264.56,3318.61,3115.34,782810
760,8/16/2021,3147.65,3307.96,3334.22,3138.37,859090
759,8/17/2021,3014.58,3147.67,3290.03,2993.63,1060
758,8/18/2021,3016.91,3012.62,3124.51,2951.04,750740
757,8/19/2021,3184.82,3016.92,3185.51,2962.04,844130
756,8/20/2021,3284.21,3184.83,3300.36,3179.18,739320
755,8/21/2021,3223.96,3285.12,3307.33,3200.19,768740
754,8/22/2021,3238.7,3224.17,3271.94,3128.98,747650
753,8/23/2021,3319.49,3238.41,3375.42,3231.96,1090
752,8/24/2021,3173.26,3322.6,3357.99,3150.75,988820
751,8/25/2021,3228.15,3172.12,3247.43,3080.7,923130
750,8/26/2021,3093.54,3228.03,3249.62,3057.48,118440
749,8/27/2021,3273.58,3093.78,3279.93,3063.37,839540
748,8/28/2021,3243.9,3273.78,3284.58,3212.24,466210
747,8/29/2021,3222.16,3243.96,3282.21,3155.31,643730
746,8/30/2021,3225.67,3222.43,3345.72,3145.53,966580
745,8/31/2021,3430.74,3228.23,3467.42,3191.34,1520
744,9/1/2021,3832.73,3429.65,3839.91,3384.82,1480
743,9/2/2021,3786.19,3826.9,3833.89,3723.42,928700
742,9/3/2021,3936.29,3785.85,4024.89,3715.97,1200
741,9/4/2021,3884.97,3938.45,3968.33,3844.07,672530
740,9/5/2021,3950.62,3885.4,3981.22,3834.74,714160
739,9/6/2021,3927.21,3950.2,3968.2,3867.55,764560
738,9/7/2021,3423.12,3926.84,3945.79,3061.3,2470
737,9/8/2021,3495.1,3424.35,3557.67,3221.6,780680
736,9/9/2021,3423.51,3498.92,3564.3,3395.94,1090
735,9/10/2021,3207.27,3423.87,3512.9,3156.28,1210
734,9/11/2021,3267.33,3209.37,3345.37,3202.41,732950
733,9/12/2021,3408.28,3267.33,3469.5,3231.87,805970
732,9/13/2021,3284.52,3408.17,3429.24,3118.66,1340
731,9/14/2021,3428.87,3284.65,3428.87,3270.91,720340
730,9/15/2021,3611.9,3430.36,3612.29,3361.63,790270
729,9/16/2021,3569.43,3612.23,3672.68,3488.53,195790
728,9/17/2021,3398.65,3569.92,3592.2,3352.32,748100
727,9/18/2021,3435.97,3398.55,3539.5,3371.33,600190
726,9/19/2021,3329.12,3435.92,3455.67,3282.85,614000
725,9/20/2021,2976.05,3328.49,3344.04,2931.64,1720
724,9/21/2021,2761.52,2976.7,3101.88,2659.71,1790
723,9/22/2021,3077.78,2764.71,3087.97,2740.58,1190
722,9/23/2021,3152.92,3077.8,3173,3035.96,841540
721,9/24/2021,2928.57,3152.92,3158.38,2740.06,1740
720,9/25/2021,2922.55,2928.59,2965.48,2812.7,975490
719,9/26/2021,3063.51,2922.47,3113.65,2740.12,1330
718,9/27/2021,2926.24,3061.86,3163.86,2926.24,865300
717,9/28/2021,2807.28,2926.04,2969.18,2791.42,896280
716,9/29/2021,2851.5,2807.15,2948.5,2784.66,728860
715,9/30/2021,3000.59,2851.06,3047.08,2837.68,968230
714,10/1/2021,3309.13,2999.86,3329.32,2972.75,1140
713,10/2/2021,3388.97,3309.14,3467.95,3265.97,778150
712,10/3/2021,3417.34,3388.83,3485.48,3346.63,642590
711,10/4/2021,3382.9,3417.26,3436.34,3273.22,826830
710,10/5/2021,3517.26,3383.32,3540.83,3365.28,663880
709,10/6/2021,3575.41,3515.35,3627.19,3345.56,1050
708,10/7/2021,3586,3575.43,3650.18,3473.47,826290
707,10/8/2021,3559.42,3586.91,3668.35,3537.24,681740
706,10/9/2021,3574.2,3559.96,3626.11,3541.4,464110
705,10/10/2021,3415.03,3574.52,3599.18,3409.22,767490
704,10/11/2021,3545.06,3414.93,3622.53,3381.43,683240
703,10/12/2021,3489.9,3541.49,3545.35,3404.49,609890
702,10/13/2021,3607.28,3491.08,3612.04,3416,557180
701,10/14/2021,3790.41,3607.36,3820.47,3588.24,697090
700,10/15/2021,3866.9,3790.34,3904.91,3735.21,721140
699,10/16/2021,3827.55,3869.05,3967.43,3804.55,527610
698,10/17/2021,3845.47,3827.55,3917.56,3664.63,543520
697,10/18/2021,3747.6,3848.64,3892.01,3685.82,578210
696,10/19/2021,3876.78,3745.46,3884.34,3733.78,488600
695,10/20/2021,4159.89,3876.76,4168.12,3830.26,752030
694,10/21/2021,4054.16,4160.51,4366.91,4029.48,1140
693,10/22/2021,3970.94,4053.89,4164.11,3896.4,654770
692,10/23/2021,4168.85,3970.94,4169.33,3938.79,487030
691,10/24/2021,4082.8,4168.8,4184,3965.84,507630
690,10/25/2021,4219.92,4082.68,4234.76,4069.94,481410
689,10/26/2021,4129.51,4219.92,4291.98,4098.19,559290
688,10/27/2021,3921.93,4130.06,4299.61,3914.06,1070
687,10/28/2021,4284.9,3921.54,4289.8,3896.33,865800
686,10/29/2021,4413.7,4284.9,4458.3,4268.21,781570
685,10/30/2021,4320.65,4413.7,4428.41,4250.24,494870
684,10/31/2021,4287.56,4322,4393.61,4169.48,555320
683,11/1/2021,4320.85,4287.41,4376.94,4157.51,574260
682,11/2/2021,4586.06,4320.85,4598.38,4287.36,630260
681,11/3/2021,4602.21,4586.96,4661.88,4458.87,634680
680,11/4/2021,4535.11,4601.93,4604.83,4421.87,495860
679,11/5/2021,4475,4534.96,4569.31,4439.67,409750
678,11/6/2021,4517.36,4475,4526.75,4330.29,442600
677,11/7/2021,4612.06,4517.27,4634.39,4502.7,337810
676,11/8/2021,4808.38,4612.05,4822.97,4612.05,673210
675,11/9/2021,4731.83,4808.34,4836.69,4715.43,437410
674,11/10/2021,4634.03,4731.83,4864.06,4498.78,761900
673,11/11/2021,4720.87,4633.98,4778.17,4578.66,418610
672,11/12/2021,4667.31,4720.5,4807.16,4511.96,634590
671,11/13/2021,4644.61,4665.76,4705.02,4585.37,290270
670,11/14/2021,4625.59,4644.4,4692.76,4514.95,340960
669,11/15/2021,4562.98,4625.71,4769.38,4543.47,495960
668,11/16/2021,4208.16,4562.97,4562.97,4115.31,1120
667,11/17/2021,4290.88,4208.29,4298.3,4071.01,664940
666,11/18/2021,4001.87,4290.31,4342.74,3958.44,792380
665,11/19/2021,4295.43,3996.29,4305.41,3978.08,571960
664,11/20/2021,4408.85,4295.27,4434.27,4206.75,462990
663,11/21/2021,4268.08,4409.02,4422.6,4246.2,446230
662,11/22/2021,4086.95,4268.07,4311.46,4026.75,717080
661,11/23/2021,4340.23,4086.73,4384.75,4064.17,684350
660,11/24/2021,4273.54,4340.23,4372.83,4172.19,595960
659,11/25/2021,4520.3,4270.73,4549.74,4248.9,578650
658,11/26/2021,4034.53,4520.3,4548.1,3917.43,1000
657,11/27/2021,4094.8,4037.06,4183.02,4029.06,370730
656,11/28/2021,4296.98,4095.16,4297.63,3980.24,487530
655,11/29/2021,4443.22,4296.98,4456.82,4280.18,532660
654,11/30/2021,4628.9,4443.22,4749.12,4349.21,973460
653,12/1/2021,4583.28,4628.72,4778.14,4525.33,669180
652,12/2/2021,4512.9,4583.28,4629.75,4437.53,608070
651,12/3/2021,4219.3,4512.9,4646.73,4047.07,942770
650,12/4/2021,4123.46,4219.3,4237.56,3533.02,1520
649,12/5/2021,4194.8,4118.27,4247.38,4036,707690
648,12/6/2021,4353.31,4194.95,4373.23,3922.65,993790
647,12/7/2021,4307.08,4351.36,4424.2,4259.45,550780
646,12/8/2021,4435.74,4307.08,4449.69,4229.63,574330
645,12/9/2021,4107.69,4435.74,4482.89,4078.14,642170
644,12/10/2021,3903.48,4107.2,4226.79,3894.03,798120
643,12/11/2021,4075.66,3903.52,4094.92,3836.92,581260
642,12/12/2021,4131.78,4078.17,4173.21,3988.29,360450
641,12/13/2021,3781.94,4131.47,4141.27,3673.19,891670
640,12/14/2021,3861.55,3782.12,3879.43,3690.06,577610
639,12/15/2021,4019.24,3860.51,4090.15,3649.69,821220
638,12/16/2021,3956.62,4019.57,4108.24,3955.46,512120
637,12/17/2021,3878.29,3957.12,3993.87,3702.33,654900
636,12/18/2021,3959.83,3878.2,3993.05,3769.91,475860
635,12/19/2021,3925.34,3959.9,4025.36,3890.9,442490
634,12/20/2021,3938.8,3925.46,3978.66,3757.42,531110
633,12/21/2021,4016.59,3944.03,4058.76,3915.56,496710
632,12/22/2021,3979.54,4016.25,4072.4,3944.15,426430
631,12/23/2021,4110.14,3979.57,4149.17,3895.89,573180
630,12/24/2021,4043.39,4110.2,4133.77,4024.24,353850
629,12/25/2021,4093.14,4043.6,4136.03,4024.87,308530
628,12/26/2021,4061.27,4093.38,4104.23,4005.38,283580
627,12/27/2021,4036.24,4062.02,4125.22,4033.04,313320
626,12/28/2021,3791.69,4036.86,4036.86,3760.86,527230
625,12/29/2021,3627.93,3792.95,3825.97,3607.2,456030
624,12/30/2021,3709.57,3629.33,3767.93,3589.64,355720
623,12/31/2021,3677.85,3709.38,3812.01,3623.74,405650
622,1/1/2022,3765.67,3677.69,3775.2,3675.75,239540
621,1/2/2022,3830.67,3765.67,3851.16,3718.33,242550
620,1/3/2022,3764.24,3830.7,3849.5,3682.48,338510
619,1/4/2022,3789.52,3764.62,3889.07,3715.24,415810
618,1/5/2022,3535.86,3784.47,3846.44,3418.46,582710
617,1/6/2022,3407.77,3536.15,3550.19,3306.14,701890
616,1/7/2022,3195.31,3407.22,3413.26,3077.3,979250
615,1/8/2022,3080.02,3198.14,3244.46,3001.76,566060
614,1/9/2022,3150.3,3079.89,3210.34,3060.47,415870
613,1/10/2022,3085.43,3150.27,3179.96,2931.68,804380
612,1/11/2022,3237.89,3084.64,3262.78,3053.4,505210
611,1/12/2022,3370.89,3238.22,3406.79,3208,530960
610,1/13/2022,3238.03,3370.87,3407.98,3234.97,462810
609,1/14/2022,3307.9,3241.95,3341.24,3195.65,415180
608,1/15/2022,3327.74,3307.84,3369.95,3265.41,292100
607,1/16/2022,3346.59,3326.5,3388.22,3276.44,295680
606,1/17/2022,3209.35,3346.63,3356.45,3142.4,375280
605,1/18/2022,3160.15,3209.43,3242.47,3084.48,399190
604,1/19/2022,3083.65,3160.15,3173.63,3049.3,459810
603,1/20/2022,3004.72,3084.48,3270.71,2989.19,481080
602,1/21/2022,2571.29,3000.21,3032.69,2471.8,1420
601,1/22/2022,2412.52,2570.67,2621.21,2311.8,1480
600,1/23/2022,2540.81,2412.52,2547.19,2373.85,766830
599,1/24/2022,2441.01,2540.81,2540.81,2161.55,1560
598,1/25/2022,2458.07,2441.01,2504.32,2352.36,656030
597,1/26/2022,2461.41,2458.07,2719.32,2405.66,1050
596,1/27/2022,2424.66,2462.25,2515.19,2317.3,774540
595,1/28/2022,2545.95,2424.66,2556.34,2362.53,634500
594,1/29/2022,2600.02,2545.95,2632.51,2520.14,484180
593,1/30/2022,2602.77,2600.12,2636.04,2543.99,381840
592,1/31/2022,2686.82,2602.71,2704.64,2478.85,601730
591,2/1/2022,2787.16,2686.82,2808.6,2676.32,521740
590,2/2/2022,2681,2787.16,2809.57,2618.07,602400
589,2/3/2022,2692.8,2680.66,2723.97,2579.8,549270
588,2/4/2022,2994.99,2692.8,2994.99,2671.72,908750
587,2/5/2022,3013.81,2994.74,3058.88,2963.11,473620
586,2/6/2022,3056.2,3013.75,3073.23,2957.16,316580
585,2/7/2022,3140.18,3056.29,3185.77,2995.59,568420
584,2/8/2022,3115.88,3139.65,3228.86,3029.7,664450
583,2/9/2022,3243.62,3115.91,3266.41,3055.95,477820
582,2/10/2022,3071.83,3243.73,3277.36,3058.59,742540
581,2/11/2022,2927.63,3071.8,3136.33,2880.6,607930
580,2/12/2022,2917.1,2927.64,2984.72,2858.85,433290
579,2/13/2022,2870.25,2917.16,2952.94,2838.29,303120
578,2/14/2022,2929.31,2871.06,2963.7,2834.13,477240
577,2/15/2022,3182.27,2929.29,3193.18,2912.61,540040
576,2/16/2022,3118.9,3182.32,3184.88,3045.92,416700
575,2/17/2022,2894.03,3122.33,3159.83,2855.66,661980
574,2/18/2022,2779.56,2893.78,2943.14,2754.15,623190
573,2/19/2022,2763.81,2779.44,2829.2,2699.7,377080
572,2/20/2022,2619.32,2763.97,2764.46,2577.52,508490
571,2/21/2022,2569.87,2619.32,2755.58,2560.24,996710
570,2/22/2022,2636.13,2569.19,2663.01,2501.4,841130
569,2/23/2022,2578.15,2637.38,2749.8,2578.15,636500
568,2/24/2022,2596.52,2578.54,2732.02,2303.07,1850
567,2/25/2022,2767.53,2596.52,2830.31,2573.39,828870
566,2/26/2022,2776.96,2767.58,2856.01,2734.56,520440
565,2/27/2022,2616.34,2779.55,2834.61,2562.94,804740
564,2/28/2022,2922.5,2616.34,2949.44,2574.12,899190
563,3/1/2022,2975.81,2922.44,3036.59,2858.54,828620
562,3/2/2022,2947.14,2975.8,3041.84,2914.7,740370
561,3/3/2022,2834.91,2947.03,2967.9,2789.87,521360
560,3/4/2022,2622.15,2834.78,2835.94,2575.63,1500
559,3/5/2022,2665.42,2622.15,2684.5,2592.07,709870
558,3/6/2022,2549.4,2665.42,2673.19,2542.19,881090
557,3/7/2022,2492.53,2549.4,2645.41,2447.74,1580
556,3/8/2022,2577.21,2492.53,2623.99,2483.29,1440
555,3/9/2022,2726.94,2577.21,2772.09,2569.13,1520
554,3/10/2022,2606.5,2726.94,2731.37,2559.9,1460
553,3/11/2022,2556.96,2606.5,2670.05,2525.2,1280
552,3/12/2022,2569.8,2556.96,2612.33,2555.85,567250
551,3/13/2022,2516.75,2569.8,2600.65,2494.59,811550
550,3/14/2022,2589.3,2516.75,2608.68,2500.12,991820
549,3/15/2022,2617.43,2589.54,2667.61,2510.75,1190
548,3/16/2022,2773.94,2617.43,2787.12,2603.8,1790
547,3/17/2022,2812.29,2773.8,2832.61,2747.06,1060
546,3/18/2022,2939.76,2812.29,2983.11,2768.65,1590
545,3/19/2022,2949.92,2939.76,2984,2895.3,392640
544,3/20/2022,2861.69,2950.03,2962.19,2819.27,436110
543,3/21/2022,2891.63,2861.66,2960.42,2830.38,546610
542,3/22/2022,2969.64,2891.41,3048.32,2887.69,716470
541,3/23/2022,3036.12,2969.64,3042.28,2925.78,536630
540,3/24/2022,3109.25,3036.18,3126.37,3005.99,699580
539,3/25/2022,3103.51,3110.8,3192.73,3081.71,583250
538,3/26/2022,3146.01,3103.43,3150.09,3085.8,244280
537,3/27/2022,3297.04,3145.95,3297.4,3126.46,402020
536,3/28/2022,3329.38,3295.73,3428.41,3275.32,628910
535,3/29/2022,3401.89,3329.67,3481.23,3329.67,570030
534,3/30/2022,3385.64,3401.86,3445.98,3333.5,425380
533,3/31/2022,3282.35,3385.6,3444.43,3263.36,545440
532,4/1/2022,3456.18,3282.33,3478.74,3215.33,649920
531,4/2/2022,3442.34,3456.18,3529.63,3436.79,629290
530,4/3/2022,3521.1,3442.34,3579.82,3414.4,473540
529,4/4/2022,3520.41,3521.16,3544.92,3412.01,547680
528,4/5/2022,3406.78,3520.35,3554.54,3400.74,500270
527,4/6/2022,3169.58,3406.83,3406.87,3164.24,950590
526,4/7/2022,3228.84,3169.58,3268.56,3143.96,569390
525,4/8/2022,3193.93,3228.83,3311.42,3174.14,654820
524,4/9/2022,3259.35,3193.54,3268.18,3182.1,283240
523,4/10/2022,3201.84,3259.59,3306.14,3198.1,327860
522,4/11/2022,2978.29,3201.99,3213.52,2953.66,876670
521,4/12/2022,3027.25,2978.45,3082.02,2951.8,790540
520,4/13/2022,3116.92,3027.64,3128.2,2999.66,563890
519,4/14/2022,3021.93,3117.21,3143.18,2980.84,546540
518,4/15/2022,3042.01,3021.93,3056.84,2996.62,309950
517,4/16/2022,3058.96,3042.01,3084.84,3011.47,245470
516,4/17/2022,2989.05,3058.96,3081.14,2983.17,311540
515,4/18/2022,3055.64,2989.05,3069.07,2887.25,681760
514,4/19/2022,3102.01,3055.86,3128.86,3030.32,427140
513,4/20/2022,3076.38,3101.79,3161.9,3037.67,512720
512,4/21/2022,2983.95,3076.06,3176.69,2950.97,675440
511,4/22/2022,2963,2983.91,3029.14,2937.47,544890
510,4/23/2022,2931.9,2963,2977.45,2917.84,227070
509,4/24/2022,2922.03,2931.9,2966.94,2915.66,269290
508,4/25/2022,3006.04,2922.03,3023.23,2800.21,807690
507,4/26/2022,2810.42,3006.04,3032.7,2768.38,694460
506,4/27/2022,2888.99,2810.42,2916.39,2795.58,602240
505,4/28/2022,2937.01,2889.01,2977.78,2856.42,726030
504,4/29/2022,2816.66,2937.01,2946.18,2778.33,629560
503,4/30/2022,2727.18,2817.14,2841.16,2716.31,430980
502,5/1/2022,2825.8,2727.2,2847.02,2720.57,512010
501,5/2/2022,2856.01,2825.65,2879.99,2780.08,617740
500,5/3/2022,2781.47,2856.01,2861.42,2757.36,447800
499,5/4/2022,2940.7,2781.47,2963.54,2773.9,662070
498,5/5/2022,2747.46,2940.7,2952.84,2730.95,899820
497,5/6/2022,2692.88,2747.6,2757.14,2635.85,881180
496,5/7/2022,2636.03,2692.92,2703.11,2589.29,458050
495,5/8/2022,2519.98,2636.03,2641.84,2492.59,925400
494,5/9/2022,2229.1,2519.98,2529.35,2228.9,1930
493,5/10/2022,2342.3,2229.69,2455.19,2202.02,1950
492,5/11/2022,2080.79,2342.27,2451.33,2007.57,2700
491,5/12/2022,1955.36,2087.17,2190.51,1796.24,2840
490,5/13/2022,2009.53,1955.59,2146.22,1941.53,1340
489,5/14/2022,2056.3,2009.55,2068.66,1952.07,656940
488,5/15/2022,2145.86,2056.33,2161.78,2001.74,589770
487,5/16/2022,2022.93,2145.86,2145.86,1979.93,950850
486,5/17/2022,2091.14,2023,2120.03,2008.84,736630
485,5/18/2022,1912.12,2091.05,2108.84,1909.56,751820
484,5/19/2022,2019.34,1913.99,2039.71,1903.67,858970
483,5/20/2022,1959.85,2019.36,2061.08,1923.86,699690
482,5/21/2022,1975.12,1959.79,1989.44,1940.59,292470
481,5/22/2022,2043.19,1975.12,2055.15,1966.34,425980
480,5/23/2022,1972.93,2043.19,2086.21,1959.57,738090
479,5/24/2022,1979.35,1973.01,1992.6,1914.48,620410
478,5/25/2022,1942.91,1979.4,2020.64,1937.52,639930
477,5/26/2022,1793.42,1942.89,1964.91,1744.12,1420
476,5/27/2022,1724.3,1793.19,1820.82,1708.62,1570
475,5/28/2022,1792.68,1724.67,1807.79,1722.88,658230
474,5/29/2022,1813.56,1792.25,1824.81,1764.72,554580
473,5/30/2022,1998.46,1813.56,2009.95,1804.33,1040
472,5/31/2022,1941.79,1998.46,2015.02,1928.93,933240
471,6/1/2022,1818.07,1941.81,1971.22,1770.85,1290
470,6/2/2022,1834.64,1817.98,1851.25,1784.23,975530
469,6/3/2022,1775.29,1834.66,1843.31,1740.83,884530
468,6/4/2022,1804.37,1775.28,1815.19,1748.89,442100
467,6/5/2022,1806.71,1804.6,1829.25,1773.65,437730
466,6/6/2022,1859.99,1806.11,1919.4,1804.77,939370
465,6/7/2022,1813.72,1859.99,1870.99,1727.77,1640
464,6/8/2022,1793,1813.05,1837.41,1766.94,1090
463,6/9/2022,1788.06,1792.81,1832.7,1778,625760
462,6/10/2022,1663.02,1788.15,1803.54,1657.3,1130
461,6/11/2022,1531.42,1663.04,1681.58,1503.15,1440
460,6/12/2022,1435.46,1531.5,1542.01,1430.93,1820
459,6/13/2022,1206.67,1434.43,1454.07,1168.68,4390
458,6/14/2022,1210.84,1206.67,1261.39,1078.11,3270
457,6/15/2022,1237.92,1208.82,1244.8,1016.99,3730
456,6/16/2022,1068.49,1237.92,1254.28,1052.65,1760
455,6/17/2022,1086.47,1068.49,1116.46,1052.17,1450
454,6/18/2022,995.61,1086.47,1096.93,883.35,2770
453,6/19/2022,1128.39,995.49,1152.07,938.24,2420
452,6/20/2022,1128.32,1128.39,1165.62,1056.58,2040
451,6/21/2022,1125.96,1128.29,1192.27,1110.63,1600
450,6/22/2022,1049.02,1125.96,1127.06,1045.37,1580
449,6/23/2022,1144.19,1049.02,1152.97,1046.57,1570
448,6/24/2022,1225.03,1144.33,1244.82,1132.87,1660
447,6/25/2022,1241.76,1224.96,1255.55,1181.11,1030
446,6/26/2022,1198.03,1241.8,1276.81,1196.2,1130
445,6/27/2022,1190.84,1198.03,1237.14,1176.77,1070
444,6/28/2022,1143.97,1191.02,1234.96,1137.57,1320
443,6/29/2022,1099.51,1143.95,1155.02,1088.1,1540
442,6/30/2022,1069.05,1099.51,1105.88,1000.77,1710
441,7/1/2022,1058.94,1069.13,1110.25,1035.79,1890
440,7/2/2022,1066.6,1059.05,1077.66,1029.03,865060
439,7/3/2022,1074.08,1066.6,1086.9,1041.82,755270
438,7/4/2022,1151.19,1074.07,1159.76,1045.97,1350
437,7/5/2022,1133.9,1151.19,1170.97,1079.36,1590
436,7/6/2022,1186.45,1133.87,1202.09,1112.02,1420
435,7/7/2022,1238.15,1186.48,1252.69,1163.85,1180
434,7/8/2022,1216.33,1238.1,1275.69,1194.15,1450
433,7/9/2022,1216.94,1216.26,1232.69,1205.26,644470
432,7/10/2022,1167.35,1216.94,1219.26,1155.25,1120
431,7/11/2022,1096.43,1167.35,1170.63,1093.28,1340
430,7/12/2022,1038.56,1096.41,1097.75,1035.82,1490
429,7/13/2022,1115.83,1038.6,1116.51,1012.29,2480
428,7/14/2022,1192.75,1115.8,1210.17,1072.58,1860
427,7/15/2022,1231.03,1192.83,1284.76,1182.22,1740
426,7/16/2022,1356.08,1231.03,1399.16,1192.18,1770
425,7/17/2022,1337.85,1356,1385.23,1323.23,1410
424,7/18/2022,1584.77,1337.92,1590.95,1336.75,2370
423,7/19/2022,1543.5,1584.33,1620.35,1494.88,2180
422,7/20/2022,1520.64,1543.45,1618.43,1488.73,1650
421,7/21/2022,1575.68,1520.66,1600.35,1465.93,1550
420,7/22/2022,1534.85,1575.68,1644.99,1520.36,1430
419,7/23/2022,1549.61,1534.85,1596.02,1490.35,1030
418,7/24/2022,1598.19,1549.61,1659.93,1547.7,1180
417,7/25/2022,1438.52,1598.19,1608.06,1438.5,1650
416,7/26/2022,1450.7,1438.76,1451.46,1357.7,1420
415,7/27/2022,1636.01,1449.65,1643.7,1421.17,1800
414,7/28/2022,1726.01,1635.99,1781.39,1597.67,1870
413,7/29/2022,1720.77,1725.97,1764.74,1658.26,1440
412,7/30/2022,1695.97,1720.8,1741.34,1674.42,891420
411,7/31/2022,1680,1695.99,1752.94,1667.41,822230
410,8/1/2022,1630.1,1679.98,1702.81,1607.29,959530
409,8/2/2022,1631.48,1630.07,1675.51,1560.17,1250
408,8/3/2022,1618.08,1631.46,1682.23,1591.6,906080
407,8/4/2022,1606.94,1618.07,1661.15,1581.18,881560
406,8/5/2022,1737.71,1607,1740.33,1605.71,1210
405,8/6/2022,1690.27,1737.66,1749.33,1687.74,696110
404,8/7/2022,1700.29,1690.29,1728.97,1669.39,530480
403,8/8/2022,1778.42,1700.26,1813.45,1694.69,951020
402,8/9/2022,1702.8,1778.15,1789.55,1668.79,960580
401,8/10/2022,1853.46,1702.8,1881.39,1657.78,1520
400,8/11/2022,1880.28,1853.5,1931.06,1850.72,1310
399,8/12/2022,1957.63,1880.3,1961.83,1856.64,834690
398,8/13/2022,1983.5,1957.62,2018.97,1946.65,798080
397,8/14/2022,1935.1,1983.52,2028.4,1909.19,662150
396,8/15/2022,1900.25,1935.1,2012.02,1873.7,1090
395,8/16/2022,1876.7,1900.08,1914.06,1856.44,725780
394,8/17/2022,1834.18,1876.69,1956.54,1821,1100
393,8/18/2022,1846.51,1834.19,1880.22,1822.04,675270
392,8/19/2022,1609.48,1846.52,1846.97,1607.6,1590
391,8/20/2022,1575.6,1609.01,1654.84,1525.51,1010
390,8/21/2022,1618.25,1575.61,1644.88,1563.92,852070
389,8/22/2022,1626.75,1618.21,1627.13,1531.91,1040
388,8/23/2022,1664.89,1626.7,1672.63,1564.37,1050
387,8/24/2022,1656.64,1665.3,1691.25,1606.06,827200
386,8/25/2022,1695.37,1656.64,1720.84,1654.77,677670
385,8/26/2022,1508.08,1695.38,1703.32,1490.67,1340
384,8/27/2022,1490.83,1508.32,1518.14,1449.31,866820
383,8/28/2022,1426.25,1490.88,1507.92,1424.69,633350
382,8/29/2022,1552.6,1426.25,1559.46,1424.33,931760
381,8/30/2022,1523.34,1552.56,1605.3,1475.68,1140
380,8/31/2022,1555.12,1523.39,1617.09,1523.39,1070
379,9/1/2022,1585.48,1554.57,1597.48,1514.75,823900
378,9/2/2022,1575.34,1585.55,1647.5,1547.68,1040
377,9/3/2022,1557.55,1575.31,1581.37,1535.98,378790
376,9/4/2022,1578.89,1557.35,1580.81,1541.16,339060
375,9/5/2022,1617.07,1578.9,1628.77,1557.66,571750
374,9/6/2022,1557.85,1617.4,1686.23,1556.09,1180
373,9/7/2022,1629.51,1557.85,1657.05,1493.19,976590
372,9/8/2022,1634.85,1629.63,1660.56,1595.9,772840
371,9/9/2022,1718.81,1635.33,1743.47,1631.17,969870
370,9/10/2022,1774.38,1718.84,1788.1,1707.81,470190
369,9/11/2022,1766.93,1774.38,1786.73,1722.62,467420
368,9/12/2022,1716.42,1766.99,1782.74,1694.08,727780
367,9/13/2022,1574.47,1716.45,1751.5,1562.3,1300
366,9/14/2022,1637.92,1574.41,1646.09,1556.97,858280
365,9/15/2022,1472.64,1637.89,1653.55,1461.16,1660
364,9/16/2022,1434.01,1472.63,1483.43,1410.9,829010
363,9/17/2022,1468.79,1434.01,1475.05,1409.65,483780
362,9/18/2022,1335.01,1468.76,1469.21,1327.21,934280
361,9/19/2022,1376,1334.82,1391.5,1284.5,1110
360,9/20/2022,1323.33,1375.96,1384.39,1315.03,765140
359,9/21/2022,1247.74,1323.34,1388.38,1222.29,1390
358,9/22/2022,1326.44,1247.64,1346.38,1237.96,1110
357,9/23/2022,1327.96,1326.12,1356.74,1264.91,1160
356,9/24/2022,1317,1327.91,1348.91,1307.96,559420
355,9/25/2022,1294.26,1317.01,1335.73,1271.87,579090
354,9/26/2022,1337.06,1294.24,1339.17,1279.71,1050
353,9/27/2022,1328.23,1337.07,1399.67,1305.49,1000
352,9/28/2022,1337.37,1328.23,1354.75,1261.29,1080
351,9/29/2022,1336.08,1337.34,1351.61,1289.66,871660
350,9/30/2022,1328.73,1336.05,1372.44,1316.62,866630
349,10/1/2022,1311.8,1328.73,1333.61,1303.22,293020
348,10/2/2022,1275.74,1311.8,1317.41,1272.38,432450
347,10/3/2022,1323.41,1277.02,1329.16,1266.86,604190
346,10/4/2022,1361.48,1323.37,1367.3,1318.87,550050
345,10/5/2022,1352.07,1361.51,1364.03,1317.58,564420
344,10/6/2022,1352.27,1352.07,1383.02,1347.78,680650
343,10/7/2022,1330.99,1352.17,1361.26,1319.17,574760
342,10/8/2022,1315.05,1331.07,1336.69,1304.08,227700
341,10/9/2022,1323.41,1315.08,1328.55,1308.15,210500
340,10/10/2022,1290.04,1323.17,1337.58,1288.68,451440
339,10/11/2022,1279.97,1290,1297.59,1269.35,498630
338,10/12/2022,1294.57,1279.97,1304.45,1275.77,418570
337,10/13/2022,1287.34,1294.56,1299.74,1196.63,1090
336,10/14/2022,1296.74,1287.33,1342.01,1284.08,734030
335,10/15/2022,1274.57,1296.74,1301.48,1264.86,321110
334,10/16/2022,1305.95,1274.93,1314.52,1274.66,333150
333,10/17/2022,1331.12,1305.95,1338.39,1296.45,498150
332,10/18/2022,1310.81,1331.4,1341.21,1287.58,625850
331,10/19/2022,1285.32,1310.81,1313.46,1282.44,406740
330,10/20/2022,1282.87,1285.33,1310.47,1272.79,483190
329,10/21/2022,1299.76,1282.87,1306.27,1257.83,525540
328,10/22/2022,1313.64,1299.76,1318.84,1294.61,244200
327,10/23/2022,1363.92,1313.64,1370.91,1301.8,473610
326,10/24/2022,1343.88,1364.19,1369.35,1324.25,665580
325,10/25/2022,1459.6,1343.88,1522.06,1335.38,1280
324,10/26/2022,1566.16,1459.6,1590.23,1458.61,1430
323,10/27/2022,1514.19,1566.18,1575.9,1508.24,1020
322,10/28/2022,1554.47,1514.14,1572.66,1489.99,966350
321,10/29/2022,1619.69,1554.47,1660.13,1548.83,1050
320,10/30/2022,1590.47,1619.67,1638.6,1577.35,542490
319,10/31/2022,1572.89,1590.47,1634.17,1550.72,938650
318,11/1/2022,1579.64,1572.89,1609.1,1564.69,593310
317,11/2/2022,1519.04,1579.59,1618.82,1503.29,1140
316,11/3/2022,1531.08,1518.99,1558.75,1515.75,631900
315,11/4/2022,1645.01,1531.06,1666.17,1528.6,1070
314,11/5/2022,1627.07,1645.03,1664.42,1623.48,404020
313,11/6/2022,1570.86,1626.86,1637.44,1565.79,464260
312,11/7/2022,1567.57,1570.71,1608.06,1547.29,719300
311,11/8/2022,1335.25,1567.54,1576.1,1241.18,2870
310,11/9/2022,1100.84,1335.26,1337.19,1076.29,2920
309,11/10/2022,1299.15,1100.86,1346.92,1089.01,2190
308,11/11/2022,1288.63,1299.21,1307.16,1203.04,1450
307,11/12/2022,1256.29,1288.71,1291.39,1239.34,602580
306,11/13/2022,1221.47,1256.29,1274.24,1205.61,597250
305,11/14/2022,1242.64,1221.47,1289.01,1175.42,1010
304,11/15/2022,1253.45,1242.64,1289.21,1235.39,686180
303,11/16/2022,1206.16,1253.45,1267.62,1188.76,705310
302,11/17/2022,1205.17,1206.16,1227.73,1185.58,567610
301,11/18/2022,1207.31,1206.99,1225.39,1201.47,388690
300,11/19/2022,1217.65,1208.92,1231.15,1207.34,225460
299,11/20/2022,1142.88,1217.65,1226.14,1135.57,564890
298,11/21/2022,1107.46,1142.88,1143.96,1081.96,981810
297,11/22/2022,1139.74,1107.46,1141.58,1077.85,815180
296,11/23/2022,1185.79,1139.74,1189.17,1128.53,688960
295,11/24/2022,1203.77,1185.7,1217.38,1180.91,544830
294,11/25/2022,1198.12,1203.77,1204.75,1172.63,426960
293,11/26/2022,1205.15,1198.12,1229.2,1196.93,413090
292,11/27/2022,1193.38,1205.17,1222.83,1191.09,306640
291,11/28/2022,1167.73,1193.38,1199.06,1151.98,518170
290,11/29/2022,1216.55,1167.73,1226.35,1159.72,549930
289,11/30/2022,1294.41,1216.54,1304.97,1213.44,858510
288,12/1/2022,1276.05,1294.4,1295.82,1263.58,453590
287,12/2/2022,1295.69,1276.05,1295.8,1266.16,393370
286,12/3/2022,1240.46,1295.69,1302.61,1237.81,373790
285,12/4/2022,1279.74,1240.46,1284.24,1240.14,344960
284,12/5/2022,1259.56,1279.21,1303.92,1248.69,430540
283,12/6/2022,1271.26,1259.56,1273.92,1243.66,342160
282,12/7/2022,1231.04,1271.24,1275.3,1221.1,422120
281,12/8/2022,1280.29,1231.04,1289.87,1223.27,447070
280,12/9/2022,1262.86,1280.29,1291.11,1257,437550
279,12/10/2022,1266.62,1262.88,1281.24,1260.05,193320
278,12/11/2022,1263.42,1266.36,1282.86,1258.53,192460
277,12/12/2022,1275.02,1263.42,1278.37,1241.45,395620
276,12/13/2022,1320.76,1275.49,1345.07,1255.82,717710
275,12/14/2022,1307.3,1320.76,1348.43,1302.76,614310
274,12/15/2022,1266.32,1307.29,1311.07,1260.89,446340
273,12/16/2022,1166.7,1266.32,1279.27,1156.91,829230
272,12/17/2022,1187.18,1166.7,1189.21,1162.76,363230
271,12/18/2022,1182.7,1187.19,1196.55,1172.82,272630
270,12/19/2022,1167.8,1182.7,1194.47,1152.54,337020
269,12/20/2022,1217.2,1167.8,1228.97,1163.57,497610
268,12/21/2022,1213.85,1217.19,1218.69,1205.48,269180
267,12/22/2022,1217.57,1213.99,1229.47,1185.27,383630
266,12/23/2022,1220.03,1217.59,1228.46,1212.97,301170
265,12/24/2022,1220.46,1220.03,1226.2,1214.76,131510
264,12/25/2022,1218.69,1220.46,1223.82,1201.2,256520
263,12/26/2022,1227.65,1218.69,1230.37,1213.08,177660
262,12/27/2022,1211.6,1228.22,1233.15,1202.02,290020
261,12/28/2022,1189.98,1211.6,1214.32,1184.22,407450
260,12/29/2022,1200.84,1189.99,1205.34,1187.19,272590
259,12/30/2022,1199.8,1200.84,1202.13,1186.1,285770
258,12/31/2022,1195.67,1200,1207.71,1193.16,150200
257,1/1/2023,1200.52,1195.69,1204.12,1191.67,126620
256,1/2/2023,1213.93,1200.52,1220.76,1193.77,270720
255,1/3/2023,1214.57,1213.93,1219.75,1206.83,219980
254,1/4/2023,1256.92,1214.57,1266.97,1212.91,504280
253,1/5/2023,1250.95,1256.92,1259.08,1242.93,289490
252,1/6/2023,1269.14,1250.95,1274.85,1240.38,369540
251,1/7/2023,1263.9,1269.14,1270.95,1261.46,141940
250,1/8/2023,1288.38,1263.91,1289.13,1259.15,231750
249,1/9/2023,1320.51,1288.39,1344.39,1285.97,629220
248,1/10/2023,1335.13,1320.51,1344.42,1316.95,487240
247,1/11/2023,1389.84,1335.14,1392.4,1322.1,509990
246,1/12/2023,1416.08,1389.84,1435.95,1365.78,960620
245,1/13/2023,1450.86,1416.08,1463.53,1401.98,552050
244,1/14/2023,1550.02,1450.86,1576.83,1449.47,1030
243,1/15/2023,1552.69,1550.05,1564.34,1517.4,411430
242,1/16/2023,1576.94,1552.69,1598.18,1526.4,617000
241,1/17/2023,1564.67,1576.94,1603.32,1544.45,536730
240,1/18/2023,1511.31,1564.66,1604.74,1505.37,801710
239,1/19/2023,1551.62,1511.35,1560.7,1510.65,329040
238,1/20/2023,1659.98,1551.12,1662.26,1543.21,472150
237,1/21/2023,1625.53,1659.96,1678.27,1622.89,523340
236,1/22/2023,1627.03,1626.66,1662.13,1609.32,456360
235,1/23/2023,1626.53,1627.04,1643.82,1591.9,436570
234,1/24/2023,1556.15,1626.52,1641.17,1539.51,493470
233,1/25/2023,1611.2,1555.97,1638.97,1523.71,681590
232,1/26/2023,1602.55,1611.2,1629.89,1581.76,552260
231,1/27/2023,1597.6,1602.54,1620.15,1560.21,533750
230,1/28/2023,1573.07,1597.61,1605.96,1561.24,332620
229,1/29/2023,1645.97,1572.13,1657.19,1566.9,595670
228,1/30/2023,1566.5,1645.97,1647.25,1540.25,630550
227,1/31/2023,1585.27,1566.5,1602.03,1562.04,368940
226,2/1/2023,1642.1,1585.27,1647.27,1560.18,505440
225,2/2/2023,1641.71,1642.1,1710.27,1632.39,685270
224,2/3/2023,1663.79,1641.7,1673.59,1628.73,489790
223,2/4/2023,1666.9,1663.78,1694.58,1646.11,328660
222,2/5/2023,1629.44,1666.9,1671.88,1612.7,435140
221,2/6/2023,1613.72,1629.44,1657.75,1606.59,401030
220,2/7/2023,1671.4,1613.72,1676.83,1613.2,481910
219,2/8/2023,1650.99,1671.39,1694.28,1631.15,447570
218,2/9/2023,1545.35,1650.97,1655.96,1530.98,702210
217,2/10/2023,1513.82,1545.35,1554.19,1499.49,523330
216,2/11/2023,1538.34,1513.12,1542.64,1508.07,306240
215,2/12/2023,1515.44,1538.34,1547.3,1495.05,302730
214,2/13/2023,1505.84,1515.44,1525.56,1464.1,681850
213,2/14/2023,1555.46,1505.85,1565.2,1494.3,705280
212,2/15/2023,1675.43,1555.45,1676.94,1542.8,627070
211,2/16/2023,1640.66,1675.43,1738.87,1634.97,894270
210,2/17/2023,1693.96,1640.66,1720.06,1631.92,617210
209,2/18/2023,1691.62,1693.96,1708.87,1681.17,283510
208,2/19/2023,1681.52,1691.62,1722.28,1670.97,427000
207,2/20/2023,1703.27,1681.49,1719.1,1651.54,478590
206,2/21/2023,1659.41,1703.29,1716.35,1637.16,554520
205,2/22/2023,1643.39,1659.41,1666.39,1600.79,560400
204,2/23/2023,1650.52,1643.39,1678.2,1630.94,529750
203,2/24/2023,1608.24,1650.52,1663.82,1579.68,548070
202,2/25/2023,1594.66,1608.24,1608.62,1562.1,309290
201,2/26/2023,1641.6,1594.66,1648.77,1588.65,326580
200,2/27/2023,1633.66,1641.59,1664.98,1609.82,458530
199,2/28/2023,1604.69,1633.66,1646.33,1598.67,411490
198,3/1/2023,1666.09,1604.69,1668.55,1595.4,497120
197,3/2/2023,1647.38,1666.09,1677.45,1620.2,440630
196,3/3/2023,1568.89,1647.86,1649.19,1547.61,783740
195,3/4/2023,1566.73,1569.45,1577.02,1550.1,247020
194,3/5/2023,1564.37,1566.73,1587.95,1556.84,313010
193,3/6/2023,1565.84,1564.36,1581.13,1555.43,322160
192,3/7/2023,1561.78,1565.84,1580.95,1536.31,460100
191,3/8/2023,1533.04,1561.79,1569.7,1531.28,478440
190,3/9/2023,1438.5,1533.04,1545.98,1413.17,764770
189,3/10/2023,1426.75,1437.49,1437.49,1371.47,1010
188,3/11/2023,1471.15,1426.74,1475.92,1408.58,1430
187,3/12/2023,1580.24,1472.08,1585.09,1452.33,1060
186,3/13/2023,1673.93,1580.28,1690.18,1565.83,1300
185,3/14/2023,1700.15,1673.83,1776.65,1655.74,1360
184,3/15/2023,1649.65,1700.14,1716.56,1614.93,1020
183,3/16/2023,1673.85,1649.66,1689.09,1634.21,660140
182,3/17/2023,1789.38,1673.76,1796.74,1663.67,975130
181,3/18/2023,1758.7,1789.38,1833.82,1751.14,763060
180,3/19/2023,1779.47,1758.7,1838.84,1758.66,574730
179,3/20/2023,1732.31,1780.12,1802.76,1723.9,716260
178,3/21/2023,1803.54,1732.32,1833.12,1719.55,779810
177,3/22/2023,1734.48,1801.58,1818.47,1711.05,933240
176,3/23/2023,1814.08,1734.32,1852.48,1729.38,767730
175,3/24/2023,1749.26,1813.62,1818.53,1728.69,602300
174,3/25/2023,1742.34,1749.28,1761.66,1714.43,368840
173,3/26/2023,1774.06,1742.32,1796.77,1739.39,371970
172,3/27/2023,1714.65,1773.91,1780.06,1691.38,607000
171,3/28/2023,1772.63,1714.65,1792.38,1702.95,561330
170,3/29/2023,1793.27,1772.64,1825.01,1772.64,564930
169,3/30/2023,1793.59,1793.16,1828.91,1766.9,607740
168,3/31/2023,1821.62,1793.59,1845.54,1782.26,579010
167,4/1/2023,1820.78,1821.62,1840.27,1811.67,283390
166,4/2/2023,1795.01,1820.78,1824.32,1775.81,334840
165,4/3/2023,1810.77,1795.01,1838.71,1764.26,657580
164,4/4/2023,1870.52,1810.77,1887.33,1802.51,658370
163,4/5/2023,1908.96,1870.52,1936.1,1864.64,583840
162,4/6/2023,1872.35,1908.95,1908.95,1855.89,420800
161,4/7/2023,1863.46,1872.35,1882.56,1844.43,298770
160,4/8/2023,1848.93,1863.45,1879.11,1847.72,207670
159,4/9/2023,1858.9,1848.93,1871.87,1825.6,306400
158,4/10/2023,1910.36,1858.9,1916.53,1847.39,457410
157,4/11/2023,1889.86,1910.35,1935.75,1884.64,428260
156,4/12/2023,1916.58,1889.86,1930.46,1857.35,669430
155,4/13/2023,2012.11,1916.59,2018.73,1899.96,721560
154,4/14/2023,2099.98,2012.12,2127.56,2009.53,957030
153,4/15/2023,2090.59,2099.98,2110.3,2074.33,340600
152,4/16/2023,2119.29,2090.59,2137.56,2073.26,342430
151,4/17/2023,2074.74,2118.61,2119.18,2062.17,448140
150,4/18/2023,2103.34,2074.74,2121.27,2056.86,437100
149,4/19/2023,1935.97,2103.36,2104.31,1925,855360
148,4/20/2023,1942.72,1935.97,1977.95,1917.71,665650
147,4/21/2023,1849.81,1942.72,1955.35,1831.47,769940
146,4/22/2023,1873.95,1848.88,1886.22,1845.73,351720
145,4/23/2023,1862.05,1873.96,1881.92,1839.05,368770
144,4/24/2023,1841.88,1862.04,1889.09,1809.8,480280
143,4/25/2023,1865.95,1841.88,1877.54,1804.2,491980
142,4/26/2023,1866.05,1865.95,1963.46,1793.76,958230
141,4/27/2023,1908.81,1866.05,1937.55,1862.37,771480
140,4/28/2023,1891.14,1908.79,1922.85,1875.03,408450
139,4/29/2023,1907.8,1890.93,1915.9,1886.27,193470
138,4/30/2023,1868.88,1907.8,1937.86,1868.88,377710
137,5/1/2023,1830.75,1869.05,1885.7,1807.3,475920
136,5/2/2023,1869.74,1830.75,1878.7,1823.25,391270
135,5/3/2023,1904.74,1869.74,1915,1844.72,489660
134,5/4/2023,1877.06,1904.76,1915.15,1868.18,372690
133,5/5/2023,1993.33,1877.06,1996.64,1875.66,589050
132,5/6/2023,1896.48,1993.33,2013.1,1868.09,658630
131,5/7/2023,1870.99,1896.48,1931.39,1870.94,441650
130,5/8/2023,1847.48,1871.03,1883.54,1813.63,667820
129,5/9/2023,1846.56,1847.48,1858.57,1832.05,318790
128,5/10/2023,1840.92,1846.56,1886.83,1797.07,685110
127,5/11/2023,1794.71,1840.92,1841.04,1774.3,548420
126,5/12/2023,1807.31,1794.71,1812.46,1741.48,598870
125,5/13/2023,1794.95,1807.31,1814.55,1786.23,223650
124,5/14/2023,1799.36,1795.11,1822.93,1791.86,229740
123,5/15/2023,1817.11,1799.36,1845.27,1786.61,405840
122,5/16/2023,1823.98,1817.11,1830.01,1797.6,325770
121,5/17/2023,1821.73,1823.98,1834.44,1785.78,376260
120,5/18/2023,1800.99,1822.12,1831.51,1774.77,311240
119,5/19/2023,1812.32,1800.95,1829.33,1796.99,253500
118,5/20/2023,1819.68,1812.32,1828.06,1807.08,134460
117,5/21/2023,1804.89,1819.66,1827.47,1799.03,170050
116,5/22/2023,1817.19,1804.89,1827.38,1792.35,250270
115,5/23/2023,1854.08,1817.19,1868.89,1815.41,428050
114,5/24/2023,1799.91,1854.08,1854.08,1781.7,441640
113,5/25/2023,1805.69,1799.91,1817.05,1764.92,370600
112,5/26/2023,1827.8,1805.62,1837.39,1798.1,290890
111,5/27/2023,1829.91,1827.8,1835.94,1817.35,147460
110,5/28/2023,1908.35,1829.91,1914.92,1824.7,401090
109,5/29/2023,1892.61,1908.37,1925.74,1878.33,338070
108,5/30/2023,1900.59,1892.61,1915.91,1882.97,288670
107,5/31/2023,1873.63,1900.59,1906.21,1852,337870
106,6/1/2023,1861.77,1873.62,1888.07,1846.23,286980
105,6/2/2023,1907.1,1861.77,1910.01,1847.84,329160
104,6/3/2023,1892.05,1907.1,1907.9,1884.17,157100
103,6/4/2023,1890.04,1892.05,1914.12,1884.54,183070
102,6/5/2023,1811.2,1890,1890.53,1782.82,588610
101,6/6/2023,1884.17,1811.19,1895.79,1800.75,518570
100,6/7/2023,1832.1,1884.63,1893.73,1823.42,454830
99,6/8/2023,1845.68,1832.1,1860.53,1829.38,202780
98,6/9/2023,1840.41,1845.68,1854.72,1828.66,215710
97,6/10/2023,1751.56,1840.41,1844.23,1719.16,696590
96,6/11/2023,1752.8,1751.56,1775.87,1740.02,232040
95,6/12/2023,1742.6,1752.8,1757.79,1722.92,320470
94,6/13/2023,1739.6,1742.6,1763.15,1727.64,303230
93,6/14/2023,1650.96,1739.6,1749.9,1636.49,451130
92,6/15/2023,1666.96,1650.96,1678.94,1632.5,397400
91,6/16/2023,1717.92,1666.96,1728.35,1653.68,333350
90,6/17/2023,1727.79,1717.92,1764.06,1714.3,227930
89,6/18/2023,1720.98,1727.79,1746.4,1715.9,167460
88,6/19/2023,1737.06,1720.98,1748.05,1706.4,263640
87,6/20/2023,1791.61,1737.06,1793.35,1715.2,359770
86,6/21/2023,1889.87,1791.64,1899.11,1787.59,653630
85,6/22/2023,1872.32,1889.87,1931.6,1866.66,438750
84,6/23/2023,1891.97,1872.29,1932.23,1864.6,428030
83,6/24/2023,1875,1891.98,1904.04,1865.77,239370
82,6/25/2023,1898.8,1875,1929.61,1869.28,356990
81,6/26/2023,1859,1898.8,1906.07,1840.63,479760
80,6/27/2023,1889.51,1859,1911.73,1856.19,386050
79,6/28/2023,1827.95,1889.51,1890.11,1821.94,356710
78,6/29/2023,1851.92,1827.95,1878.86,1827.95,256220
77,6/30/2023,1933.8,1851.92,1943.65,1837.49,765420
76,7/1/2023,1924.53,1933.8,1943.2,1909.92,189410
75,7/2/2023,1937.57,1924.53,1958.36,1893.68,283610
74,7/3/2023,1955.56,1937.57,1974.61,1934.51,346330
73,7/4/2023,1936.19,1955.56,1966.03,1931.64,226100
72,7/5/2023,1910.43,1936.21,1942.15,1896.43,284340
71,7/6/2023,1848.36,1910.43,1957.58,1847.01,483000
70,7/7/2023,1870.92,1848.29,1877.51,1827.35,249820
69,7/8/2023,1865.28,1870.92,1873.16,1843.82,136690
68,7/9/2023,1862.91,1865.28,1878.22,1856.97,145470
67,7/10/2023,1880.42,1862.91,1903.82,1846.71,264830
66,7/11/2023,1878.33,1880.42,1889.83,1863.93,191470
65,7/12/2023,1871.86,1878.33,1901.45,1865.11,280910
64,7/13/2023,2004.77,1871.86,2010.75,1863.22,588530
63,7/14/2023,1938.05,2004.77,2025.56,1900.22,530860
62,7/15/2023,1931.42,1938.05,1946.1,1926.83,145890
61,7/16/2023,1922.45,1931.43,1942.55,1918.01,158590
60,7/17/2023,1911.24,1922.45,1935.99,1876,293540
59,7/18/2023,1897.58,1911.24,1917.21,1877.52,233000
58,7/19/2023,1888.65,1897.58,1920.48,1882.18,244920
57,7/20/2023,1891.23,1888.64,1928.36,1879.39,321920
56,7/21/2023,1891.75,1891.68,1905.57,1884.95,176390
55,7/22/2023,1866.25,1891.75,1897.03,1854.09,143130
54,7/23/2023,1888.85,1866.26,1903.95,1858.12,164310
53,7/24/2023,1850.04,1888.85,1890.78,1835.14,297130
52,7/25/2023,1857.67,1850.05,1867.36,1845.68,161060
51,7/26/2023,1872,1857.67,1886.92,1849.43,286610
50,7/27/2023,1861.32,1872,1885.87,1855.4,176210
49,7/28/2023,1874.23,1861.32,1882.23,1856.9,148920
48,7/29/2023,1880.55,1874.23,1886.26,1869.74,79760
47,7/30/2023,1861.81,1880.55,1884.33,1851.63,167770
46,7/31/2023,1856.17,1861.81,1876.03,1851.42,177970
45,8/1/2023,1874.21,1856.17,1875,1818.06,386290
44,8/2/2023,1840.21,1874.21,1879.32,1822.94,272700
43,8/3/2023,1835.98,1839.76,1858.62,1828.34,182560
42,8/4/2023,1830.24,1835.98,1849.13,1819.65,199600
41,8/5/2023,1836.48,1830.24,1838.62,1827.52,103080
40,8/6/2023,1830.28,1836.48,1838.08,1826.12,100320
39,8/7/2023,1829.11,1830.28,1846.41,1805.3,243920
38,8/8/2023,1856.24,1829.1,1871.77,1826.4,253390
37,8/9/2023,1855.36,1856.24,1870.48,1846.76,203580
36,8/10/2023,1852.46,1855.36,1865.94,1847.34,134210
35,8/11/2023,1848.88,1852.46,1857.17,1840.65,120550
34,8/12/2023,1849.94,1848.88,1853.54,1846.13,66930
33,8/13/2023,1840.73,1849.94,1861.5,1835.51,126510
32,8/14/2023,1845.51,1840.73,1856.48,1835.9,158110
31,8/15/2023,1828.98,1845.51,1847.35,1816.32,196600
30,8/16/2023,1807.81,1828.98,1831.52,1803.31,217470
29,8/17/2023,1683.89,1807.81,1809.81,1560.88,876700
28,8/18/2023,1661.26,1681.51,1698.77,1646.32,572900
27,8/19/2023,1669.67,1661.27,1693.88,1654.35,243310
26,8/20/2023,1685.24,1669.68,1692.47,1662.82,205820
25,8/21/2023,1667.6,1685.24,1686.11,1651.77,265910
24,8/22/2023,1634.29,1667.6,1669.22,1588.36,424510
23,8/23/2023,1679.93,1634.3,1697.63,1629.86,399710
22,8/24/2023,1660.89,1679.93,1683.03,1642.45,246620
21,8/25/2023,1653.74,1661.18,1676.13,1636.77,250860
20,8/26/2023,1647.05,1653.74,1655.58,1644.04,84340
19,8/27/2023,1658.33,1647.05,1660.11,1646.35,94200
18,8/28/2023,1653.22,1658.34,1660.8,1628.79,229390
17,8/29/2023,1729.69,1653.22,1742.83,1640.29,528630
16,8/30/2023,1705.22,1729.69,1730.71,1696.99,218440
15,8/31/2023,1645.82,1705.23,1723.95,1634.74,355270
14,9/1/2023,1629,1645.82,1654.39,1603.67,319190
13,9/2/2023,1637.05,1629,1644.63,1628.11,109030
12,9/3/2023,1635.85,1637.05,1645.16,1625.61,124140
11,9/4/2023,1630.51,1635.86,1643.31,1618.49,178250
10,9/5/2023,1634.46,1630.53,1647.67,1610.02,219790
9,9/6/2023,1633.18,1634.46,1667.08,1610.49,240730
8,9/7/2023,1648.09,1633.18,1658.04,1624.07,243550
7,9/8/2023,1636.45,1648.09,1657.53,1618.39,236380
