,date,Vader_Comp,Vader_Pos,Vader_Neg,Vader_Neu,Sentiment_Label
0,2021-02-01,0.1358375,0.046125,0.025750000000000002,0.928125,positive
1,2021-02-02,0.37475,0.10925000000000001,0.01925,0.8715,positive
2,2021-02-03,0.5017375,0.14025,0.013000000000000001,0.846625,positive
3,2021-02-04,0.18578750000000002,0.065125,0.023125,0.9117500000000001,positive
4,2021-02-05,0.3865180555555556,0.1564297839506173,0.01884182098765432,0.8247391975308642,positive
5,2021-02-06,0.30806249495357285,0.13684214775938636,0.023784012918853452,0.8393782801776342,positive
6,2021-02-07,0.11644373101952278,0.08006290672451193,0.028659869848156185,0.8912780911062907,positive
7,2021-02-08,0.13782644825341725,0.08486309394662617,0.025544152744630073,0.8895923193751357,positive
8,2021-02-09,0.13440897136177674,0.08917445938047924,0.02810227936879018,0.8827229690239625,positive
9,2021-02-10,0.15729103321033208,0.09451070110701108,0.031556457564575646,0.8739402214022141,positive
10,2021-02-11,0.41007777777777776,0.12955555555555553,0.011333333333333332,0.8591111111111112,positive
11,2021-02-12,0.32897999999999994,0.13069999999999998,0.027100000000000003,0.8423,positive
12,2021-02-13,0.13851491891891893,0.09093297297297297,0.033592432432432436,0.8754778378378378,positive
13,2021-02-14,0.13894653250773994,0.09135479876160991,0.029474613003095975,0.8791752321981424,positive
14,2021-02-15,0.20972650065530798,0.10923197903014417,0.023864744429882043,0.8669103538663171,positive
15,2021-02-16,0.2454375,0.0875,0.023125,0.8895,positive
16,2021-02-17,0.32312,0.0814,0.0098,0.9087999999999999,positive
17,2021-02-18,0.1498899829254411,0.09073762094479225,0.02809447922595333,0.8811718838929995,positive
18,2021-02-19,0.1338939017660044,0.09408140176600442,0.03460430463576159,0.8713184326710817,positive
19,2021-02-20,0.0,0.0,0.0,1.0,neutral
20,2021-02-21,0.40371666666666667,0.1195,0.04683333333333334,0.8338333333333333,positive
21,2021-02-22,0.14996598390636431,0.08975566934893928,0.027137161667885882,0.8831115581565472,positive
22,2021-02-23,-0.25065,0.0275,0.07375,0.8987499999999999,negative
23,2021-02-24,0.1650875,0.06887499999999999,0.024625,0.9065,positive
24,2021-02-25,0.19731666666666667,0.09899999999999999,0.04966666666666667,0.8513333333333333,positive
25,2021-02-26,0.08305,0.022833333333333334,0.0,0.9771666666666666,positive
26,2021-02-27,0.24766666666666667,0.063,0.0,0.9369999999999999,positive
27,2021-02-28,0.07718085758039817,0.08184609494640123,0.04960030627871363,0.8685612557427258,positive
28,2021-03-01,0.5507857142857143,0.18457142857142858,0.018142857142857145,0.7974285714285714,positive
29,2021-03-02,0.31871666666666665,0.10000000000000002,0.022333333333333334,0.8778333333333334,positive
30,2021-03-03,0.2970333333333333,0.10366666666666667,0.036000000000000004,0.8603333333333333,positive
31,2021-03-04,0.42595000000000005,0.10500000000000001,0.0,0.895,positive
32,2021-03-05,0.23744285714285715,0.07557142857142858,0.03671428571428571,0.8875714285714286,positive
33,2021-03-06,0.0683,0.01175,0.0,0.98825,positive
34,2021-03-07,0.2526333333333333,0.051,0.0,0.949,positive
35,2021-03-08,0.23775,0.13066666666666668,0.06516666666666666,0.8038333333333334,positive
36,2021-03-09,0.19319999999999998,0.06659999999999999,0.034999999999999996,0.8986000000000001,positive
37,2021-03-10,0.24372,0.0716,0.018,0.9103999999999999,positive
38,2021-03-11,0.1700284023668639,0.10518343195266272,0.030360946745562133,0.8644674556213018,positive
39,2021-03-12,0.1351399457443201,0.08863004408273992,0.03149101390301797,0.8798799593082401,positive
40,2021-03-13,0.0516,0.096,0.089,0.816,positive
41,2021-03-14,0.3253333333333333,0.11966666666666666,0.0,0.8803333333333333,positive
42,2021-03-15,0.406125,0.13325,0.03075,0.836,positive
43,2021-03-16,0.4011,0.11,0.028,0.8614999999999999,positive
44,2021-03-17,0.3134,0.108,0.041,0.851,positive
45,2021-03-18,0.41183333333333333,0.13433333333333333,0.029333333333333333,0.8363333333333333,positive
46,2021-03-19,0.5940333333333333,0.18933333333333333,0.011333333333333334,0.7995,positive
47,2021-03-21,0.2553,0.074,0.0,0.9259999999999999,positive
48,2021-03-22,0.20510000000000003,0.08766666666666667,0.04933333333333333,0.863,positive
49,2021-03-23,0.09444285714285713,0.07771428571428572,0.059857142857142866,0.8624285714285714,positive
50,2021-03-24,0.32539999999999997,0.12766666666666668,0.059,0.8136666666666666,positive
51,2021-03-25,0.2916,0.125,0.0305,0.8445,positive
52,2021-03-26,0.16770000000000002,0.056999999999999995,0.0535,0.8895,positive
53,2021-03-27,0.25,0.14,0.068,0.791,positive
54,2021-03-28,0.32785,0.1075,0.0,0.8925000000000001,positive
55,2021-03-29,0.29355000000000003,0.158,0.0335,0.8085,positive
56,2021-03-31,0.3406,0.106625,0.012875000000000001,0.8805000000000001,positive
57,2021-04-01,0.5587500000000001,0.13825,0.0,0.86175,positive
58,2021-04-02,0.04035,0.052,0.041,0.9071666666666666,neutral
59,2021-04-03,0.21198,0.0736,0.0,0.9263999999999999,positive
60,2021-04-04,0.25723333333333337,0.06633333333333334,0.0,0.9336666666666668,positive
61,2021-04-05,0.11944070967741936,0.06610903225806451,0.028010967741935486,0.905881935483871,positive
62,2021-04-06,0.1353434735315446,0.071391950688905,0.02956889050036258,0.8990431472081218,positive
63,2021-04-07,0.1394785853976532,0.07795241199478488,0.03523728813559322,0.886807366362451,positive
64,2021-04-08,0.1371609375,0.07406882440476191,0.03240736607142857,0.8935230654761904,positive
65,2021-04-09,0.15209399446858948,0.07431884630580798,0.03235124456736468,0.8933322797313314,positive
66,2021-04-10,0.1636314265284233,0.0889377904898105,0.02342366821594566,0.8876388988201646,positive
67,2021-04-11,0.13319133802816902,0.0824225352112676,0.02740211267605634,0.8901788732394367,positive
68,2021-04-12,0.14653353338334585,0.099847711927982,0.03017404351087772,0.8699759939984997,positive
69,2021-04-13,0.57806,0.1392,0.0,0.8608,positive
70,2021-04-14,0.30382,0.1022,0.027000000000000003,0.8708,positive
71,2021-04-15,0.31253333333333333,0.104,0.034333333333333334,0.8616666666666667,positive
72,2021-04-16,0.21115,0.06575,0.0175,0.91675,positive
73,2021-04-17,0.18912789968652038,0.09069278996865204,0.032529780564263325,0.8767742946708463,positive
74,2021-04-18,0.12499942528735632,0.07057802829354554,0.030284261715296197,0.8991354995579133,positive
75,2021-04-19,0.13562880462079357,0.0727754897036665,0.028687594173782017,0.8985331491712707,positive
76,2021-04-20,0.16387233229887802,0.08488207209357843,0.03322129386488422,0.8818973502029124,positive
77,2021-04-21,0.10973408539543911,0.07163318777292577,0.033532993692382336,0.8948299369238234,positive
78,2021-04-22,0.13212874166834981,0.07877014744496061,0.035468996162391436,0.8857598464956574,positive
79,2021-04-23,0.1489744393022428,0.07280793876824493,0.029920612317550728,0.8972748309006765,positive
80,2021-04-24,0.152347602275806,0.0715686805743701,0.026120563532917907,0.9023129233270116,positive
81,2021-04-25,0.013399999999999987,0.036333333333333336,0.05266666666666667,0.911,neutral
82,2021-04-26,0.23445,0.073,0.0295,0.89775,positive
83,2021-04-28,-0.26896666666666663,0.028,0.08733333333333333,0.8846666666666666,negative
84,2021-04-29,0.29106,0.1244,0.0,0.8756,positive
85,2021-05-01,0.5867,0.266,0.108,0.625,positive
86,2021-05-02,0.0,0.0,0.0,1.0,neutral
87,2021-05-03,0.126125,0.09250000000000001,0.044,0.8635,positive
88,2021-05-05,0.22082000000000002,0.0906,0.0262,0.8832000000000001,positive
89,2021-05-06,-0.15510000000000002,0.1055,0.112,0.7825,negative
90,2021-05-07,0.5454,0.1275,0.0,0.8725,positive
91,2021-05-08,-0.290925,0.03475,0.10950000000000001,0.85575,negative
92,2021-05-09,0.2023,0.058,0.0,0.942,positive
93,2021-05-10,0.2806,0.06575,0.0,0.93425,positive
94,2021-05-11,0.23005,0.1355,0.0315,0.833,positive
95,2021-05-12,0.5524,0.11499999999999999,0.02175,0.8635,positive
96,2021-05-13,0.30565,0.095,0.05375,0.8512500000000001,positive
97,2021-05-16,0.41786666666666666,0.13699999999999998,0.021666666666666667,0.8413333333333334,positive
98,2021-05-17,-0.12864000000000003,0.056400000000000006,0.07239999999999999,0.8714000000000001,negative
99,2021-05-18,-0.06413333333333336,0.03133333333333333,0.06133333333333333,0.9073333333333333,negative
100,2021-05-19,0.64625,0.1255,0.035,0.839,positive
101,2021-05-20,-0.4019,0.0,0.063,0.937,negative
102,2021-05-21,0.6875,0.152,0.0,0.848,positive
103,2021-05-23,0.31845,0.104,0.0,0.896,positive
104,2021-05-24,0.0,0.0,0.0,1.0,neutral
105,2021-05-25,0.17663048312883436,0.10289762269938652,0.040200153374233126,0.8565122699386504,positive
106,2021-05-26,0.19886532030401738,0.11079413680781759,0.03897480998914224,0.8502312703583061,positive
107,2021-05-27,0.20307908801176758,0.11807746996812944,0.04089433684726648,0.8410294189752391,positive
108,2021-05-28,0.24339051689051688,0.13013736263736264,0.03829405779405779,0.8315704110704111,positive
109,2021-05-29,0.20778766658589776,0.11041361763993215,0.036862854373637025,0.852718924157984,positive
110,2021-05-30,-0.06956666666666668,0.020833333333333332,0.04883333333333333,0.9301666666666666,negative
111,2021-05-31,0.06487999999999998,0.0262,0.05700000000000001,0.9166000000000001,positive
112,2021-06-01,0.20731666666666668,0.13749999999999998,0.09316666666666666,0.7691666666666667,positive
113,2021-06-02,0.164225,0.2095,0.11025,0.68025,positive
114,2021-06-03,0.14682857142857145,0.05171428571428571,0.007,0.9412857142857142,positive
115,2021-06-04,-0.0371,0.064,0.11025,0.82575,neutral
116,2021-06-05,-0.45420000000000005,0.0,0.347,0.653,negative
117,2021-06-06,0.25,0.199,0.106,0.694,positive
118,2021-06-07,0.34,0.255,0.0,0.745,positive
119,2021-06-08,0.7579,0.161,0.0,0.839,positive
120,2021-06-09,0.24169999999999997,0.0824,0.0,0.9176,positive
121,2021-06-10,0.2371,0.08888888888888889,0.03744444444444444,0.8736666666666666,positive
122,2021-06-11,0.18964999999999999,0.03975,0.0,0.96025,positive
123,2021-06-12,0.51135,0.1215,0.0,0.8785000000000001,positive
124,2021-06-13,0.4201,0.139,0.075,0.786,positive
125,2021-06-14,0.0,0.0,0.0,1.0,neutral
126,2021-06-16,0.37834,0.12940000000000002,0.0,0.8705999999999999,positive
127,2021-06-17,0.150825,0.073,0.04625,0.8807499999999999,positive
128,2021-06-18,0.8122,0.189,0.0,0.811,positive
129,2021-06-19,0.4019,0.06,0.0,0.94,positive
130,2021-06-20,0.26743960950130585,0.12993147618455417,0.031212287028976497,0.8388600920283548,positive
131,2021-06-21,0.22527461945550767,0.12138130830923674,0.04025642424573081,0.8383622674450325,positive
132,2021-06-22,0.1472111973730503,0.10396488800281459,0.05171349829951917,0.8443206755013487,positive
133,2021-06-23,0.14846172043010752,0.10278314132104455,0.049865937019969275,0.847350153609831,positive
134,2021-06-24,0.4404,0.146,0.0,0.854,positive
135,2021-06-25,0.142075,0.09625,0.08399999999999999,0.81975,positive
136,2021-06-26,0.43035,0.1535,0.0,0.8465,positive
137,2021-06-27,0.296,0.084,0.0,0.916,positive
138,2021-06-28,0.04572499999999999,0.07575,0.05225,0.872,neutral
139,2021-06-29,0.5501666666666667,0.208,0.037333333333333336,0.7546666666666667,positive
140,2021-06-30,0.2006333333333333,0.064,0.016,0.9199999999999999,positive
141,2021-07-01,0.041224999999999984,0.072,0.04675,0.88125,neutral
142,2021-07-02,0.213283996534439,0.10739074200136146,0.0359735750974689,0.8566385914969986,positive
143,2021-07-03,0.1819412618523345,0.11891367456073339,0.04829753291691009,0.8327855570035501,positive
144,2021-07-04,0.21770695404242982,0.11418238051515005,0.03966916348523655,0.8461527569709563,positive
145,2021-07-05,0.25624754277234635,0.12706193261173185,0.037221106843575415,0.8357188372905029,positive
146,2021-07-08,-0.308075,0.045,0.10525,0.8495,negative
147,2021-07-09,0.4194333333333334,0.10633333333333334,0.041666666666666664,0.8516666666666667,positive
148,2021-07-10,0.3565333333333333,0.15733333333333333,0.021666666666666667,0.8206666666666665,positive
149,2021-07-11,0.053724999999999995,0.06875,0.104,0.82725,positive
150,2021-07-12,0.4404,0.182,0.14,0.678,positive
151,2021-07-13,0.12421666666666664,0.0535,0.03383333333333333,0.9126666666666666,positive
152,2021-07-14,0.18768,0.058800000000000005,0.0324,0.9087999999999999,positive
153,2021-07-15,0.6231333333333333,0.19199999999999998,0.015333333333333332,0.7926666666666667,positive
154,2021-07-16,0.24122158273381297,0.11462769784172662,0.03423920863309352,0.8511339928057554,positive
155,2021-07-17,0.2311628801431127,0.10998486881335719,0.030968768634466307,0.8590603011329756,positive
156,2021-07-18,0.233436208716634,0.10996697330719347,0.031900568039008696,0.8581350223696779,positive
157,2021-07-19,0.22012221987850153,0.10925485150185622,0.03455969456631792,0.8561860867364158,positive
158,2021-07-20,0.23448238597987986,0.11725093313426468,0.03783484412214284,0.8449220077494579,positive
159,2021-07-21,0.18501330640474253,0.10569115424851795,0.04366128094850633,0.8506412879228176,positive
160,2021-07-22,0.172701873448198,0.10073297720261833,0.043043149499661426,0.8562256790309232,positive
161,2021-07-23,0.20357197116717493,0.10963578395544019,0.036362073745494876,0.8540019910779545,positive
162,2021-07-24,0.24700893463497453,0.12198910582908885,0.032786042727787214,0.8452227999434069,positive
163,2021-07-25,0.2502674601669196,0.10847344461305007,0.028719081942336876,0.8628151555386949,positive
164,2021-07-26,0.23737999317043557,0.11159789042343299,0.03153813173470937,0.8568611701320383,positive
165,2021-07-27,0.2849992148021457,0.13472245976832775,0.031797558889839074,0.8333959418487134,positive
166,2021-07-28,0.23433187782020135,0.113305657757723,0.03472002776813606,0.8519703575147518,positive
167,2021-07-29,0.3178929296875,0.1340321875,0.029422109375,0.836552109375,positive
168,2021-07-30,0.17929884399847432,0.09018824633981751,0.029822961593756418,0.879994748114896,positive
169,2021-08-01,0.03543333333333332,0.05833333333333333,0.057,0.8846666666666666,neutral
170,2021-08-02,0.4763,0.147,0.010666666666666666,0.8424999999999999,positive
171,2021-08-03,0.23026666666666665,0.048999999999999995,0.0,0.951,positive
172,2021-08-04,0.21656337064676617,0.10483644278606966,0.0377431592039801,0.8574253731343283,positive
173,2021-08-05,0.21424505038529934,0.10512710644423744,0.03590464899652807,0.8589574053687865,positive
174,2021-08-06,0.23507341387733546,0.11729405162738496,0.034137452960982376,0.8485651944279395,positive
175,2021-08-07,0.23387049914502075,0.11272770946991288,0.03268601905382298,0.8545866786092338,positive
176,2021-08-08,0.2180833237271854,0.10786653858469421,0.03393656740313801,0.8581988152417547,positive
177,2021-08-09,0.225412,0.10563005727376862,0.030514364261168384,0.8638562657502864,positive
178,2021-08-10,0.19455,0.0745,0.022333333333333334,0.9031666666666668,positive
179,2021-08-11,0.117575,0.051,0.025750000000000002,0.9235,positive
180,2021-08-12,0.27375,0.0905,0.0135,0.896,positive
181,2021-08-13,0.0593,0.02666666666666667,0.018333333333333333,0.9550000000000001,positive
182,2021-08-14,0.20976759031024225,0.10823841903952401,0.03396710582235444,0.8577918402039949,positive
183,2021-08-15,0.20640797467339905,0.1040796665865192,0.034478720846357294,0.861439208142983,positive
184,2021-08-16,0.19085643191126897,0.10176247779912284,0.03528533111022509,0.862912900068868,positive
185,2021-08-17,0.21660198212203652,0.10591000953962477,0.03336130445535809,0.8607244815037275,positive
186,2021-08-18,0.23449181724743876,0.10797281257252744,0.031830211199893904,0.8601982692881536,positive
187,2021-08-19,0.2522085187266537,0.11658090641631681,0.031328914746619946,0.8520938150804932,positive
188,2021-08-20,0.22196714225765843,0.11113822912295426,0.03656849909078193,0.8522902783606099,positive
189,2021-08-21,0.23511624871531345,0.10760626927029805,0.03306968139773895,0.8593169578622817,positive
190,2021-08-22,0.023150000000000018,0.058249999999999996,0.07725,0.86425,neutral
191,2021-08-23,0.21434573952386082,0.10954001939028332,0.02921340084024561,0.8612449639125282,positive
192,2021-08-24,0.2006142539072732,0.10848795075526063,0.033543874967257484,0.8579645944294072,positive
193,2021-08-25,0.2329998559690988,0.11336089561033094,0.03096232282562441,0.8556742937575698,positive
194,2021-08-26,0.21361674526757057,0.1146922774611908,0.03203962795572149,0.8532652453003209,positive
195,2021-08-27,0.13396666666666665,0.034999999999999996,0.0,0.965,positive
196,2021-08-28,0.06860000000000001,0.1402,0.075,0.7847999999999999,positive
197,2021-08-29,0.38285,0.17,0.0355,0.7945,positive
198,2021-08-30,0.47652,0.1964,0.1288,0.6748000000000001,positive
199,2021-08-31,-0.1531,0.213,0.236,0.551,negative
200,2021-09-01,0.21145,0.08549999999999999,0.01675,0.8975,positive
201,2021-09-02,0.14049999999999999,0.042666666666666665,0.0,0.9573333333333333,positive
202,2021-09-03,0.1769,0.18639999999999998,0.0518,0.7618,positive
203,2021-09-04,0.165,0.0555,0.019,0.9255,positive
204,2021-09-05,0.257775,0.06875,0.0,0.93125,positive
205,2021-09-06,0.4365666666666666,0.13033333333333333,0.011000000000000001,0.8586666666666667,positive
206,2021-09-07,-0.06002222222222223,0.09922222222222223,0.08455555555555555,0.8163333333333332,negative
207,2021-09-08,0.024366666666666665,0.05583333333333334,0.08333333333333333,0.8608333333333333,neutral
208,2021-09-09,0.21322000000000002,0.0834,0.0104,0.906,positive
209,2021-09-10,0.2821476742479824,0.12045448764979212,0.026218782098312545,0.8533247737833211,positive
210,2021-09-11,0.39987500000000004,0.1225,0.0,0.8775,positive
211,2021-09-12,-0.17385,0.0445,0.07875,0.8765000000000001,negative
212,2021-09-13,0.17021999999999998,0.0952,0.031799999999999995,0.873,positive
213,2021-09-14,0.27115,0.11,0.0,0.89,positive
214,2021-09-15,0.178075,0.137,0.1015,0.7615,positive
215,2021-09-16,0.22252499999999997,0.10875,0.0,0.89125,positive
216,2021-09-17,-0.02700000000000001,0.04377777777777778,0.045111111111111116,0.911,neutral
217,2021-09-18,0.40703333333333336,0.13933333333333334,0.03933333333333333,0.8213333333333334,positive
218,2021-09-19,0.0683,0.021,0.02,0.959,positive
219,2021-09-20,0.22013333333333332,0.15183333333333332,0.064,0.7841666666666667,positive
220,2021-09-21,0.39385000000000003,0.14350000000000002,0.0,0.8565,positive
221,2021-09-22,-0.022333333333333354,0.06833333333333333,0.06,0.8716666666666667,neutral
222,2021-09-23,-0.07014999999999999,0.111,0.07,0.819,negative
223,2021-09-24,-0.074,0.01675,0.025,0.95825,negative
224,2021-09-25,0.01493333333333333,0.021555555555555557,0.029444444444444447,0.9490000000000001,neutral
225,2021-09-26,0.30174,0.1206,0.0164,0.8630000000000001,positive
226,2021-09-27,0.4703,0.139,0.0,0.861,positive
227,2021-09-28,0.2789,0.178,0.151,0.672,positive
228,2021-09-29,0.2968,0.136,0.006666666666666667,0.8573333333333334,positive
229,2021-09-30,0.4154,0.1558,0.0,0.8442000000000001,positive
230,2021-10-01,0.005062499999999984,0.073375,0.10275,0.82375,neutral
231,2021-10-03,0.24024444444444443,0.13277777777777777,0.04211111111111111,0.8248888888888889,positive
232,2021-10-04,0.343625,0.1605,0.03425,0.8055,positive
233,2021-10-05,0.21383000000000002,0.0969,0.023299999999999998,0.8798,positive
234,2021-10-06,0.20153333333333331,0.05455555555555555,0.005111111111111111,0.9403333333333332,positive
235,2021-10-07,0.20095,0.0685,0.0,0.9315,positive
236,2021-10-08,0.0,0.0,0.0,1.0,neutral
237,2021-10-09,0.43895,0.1285,0.0,0.8714999999999999,positive
238,2021-10-10,0.3817111111111111,0.15377777777777776,0.02322222222222222,0.823,positive
239,2021-10-11,0.48705999999999994,0.152,0.0112,0.837,positive
240,2021-10-12,0.0,0.0,0.0,1.0,neutral
241,2021-10-13,-0.04686666666666669,0.07066666666666667,0.046000000000000006,0.8833333333333333,neutral
242,2021-10-14,0.0,0.0,0.0,1.0,neutral
243,2021-10-15,0.17068,0.1066,0.024,0.8694,positive
244,2021-10-16,-0.2401,0.106,0.086,0.808,negative
245,2021-10-17,0.0,0.0,0.0,1.0,neutral
246,2021-10-18,0.22246065397229428,0.1088031719614274,0.02920206569092956,0.8619917763962994,positive
247,2021-10-19,0.22260735915176563,0.11163558271183395,0.02948755503639141,0.8588713990475334,positive
248,2021-10-20,0.22297000456501892,0.11000935828877005,0.03624585887570105,0.8537450436937524,positive
249,2021-10-21,0.23033138633447392,0.10729004491017964,0.03026606608212147,0.862445252352438,positive
250,2021-10-22,0.22905220445408142,0.11517712427158151,0.033952093779644935,0.8508677779283552,positive
251,2021-10-23,0.20854197478482242,0.10782319068978058,0.03194917565765547,0.8601982664565402,positive
252,2021-10-24,0.178125,0.07025,0.0295,0.90025,positive
253,2021-10-25,-0.10954999999999998,0.024000000000000004,0.09783333333333333,0.8781666666666667,negative
254,2021-10-26,0.12738,0.0144,0.0,0.9856,positive
255,2021-10-27,0.1864272891467353,0.09318953532921022,0.033696623063871715,0.8731095178151169,positive
256,2021-10-28,0.19606340475361586,0.10648213437984619,0.038121688767921005,0.8553632939836061,positive
257,2021-10-29,0.20480979016371842,0.10682857331093322,0.039594459268043614,0.853580525084824,positive
258,2021-10-30,0.8151999999999999,0.20333333333333334,0.0,0.7966666666666667,positive
259,2021-10-31,0.2938,0.22966666666666666,0.0615,0.7088333333333333,positive
260,2021-11-01,0.60265,0.218,0.0,0.782,positive
261,2021-11-02,0.163,0.1532857142857143,0.02557142857142857,0.8211428571428572,positive
262,2021-11-03,0.019950000000000013,0.09316666666666666,0.049999999999999996,0.8566666666666666,neutral
263,2021-11-04,0.20443899784179412,0.10160462606737357,0.035850520784460924,0.8625456038284695,positive
264,2021-11-05,0.23663153399613,0.11719103222793088,0.03433375592179889,0.8484690398345232,positive
265,2021-11-06,0.19778750691863684,0.10945362536569937,0.043414960069581725,0.8470814685959779,positive
266,2021-11-07,0.14049999999999999,0.045000000000000005,0.0,0.9550000000000001,positive
267,2021-11-08,0.17711666666666667,0.11466666666666668,0.10133333333333333,0.7839999999999999,positive
268,2021-11-09,0.2732333333333334,0.11455555555555555,0.0,0.8854444444444445,positive
269,2021-11-10,0.270725,0.13175,0.019125,0.849125,positive
270,2021-11-11,0.19339790386492853,0.10033509446964911,0.04168994429449262,0.8579815080686842,positive
271,2021-11-12,0.2314771315169059,0.11100537169118745,0.03539270046853084,0.853600734131129,positive
272,2021-11-13,0.0,0.0,0.0,1.0,neutral
273,2021-11-14,0.08037142857142857,0.020857142857142855,0.052142857142857144,0.9269999999999999,positive
274,2021-11-15,0.30123999999999995,0.1368,0.029599999999999998,0.8336,positive
275,2021-11-16,0.02355999999999998,0.1116,0.08280000000000001,0.8055999999999999,neutral
276,2021-11-17,0.07772000000000001,0.0738,0.0659,0.8603999999999999,positive
277,2021-11-18,0.1744811991162495,0.1055764050724857,0.052896885687479196,0.8415072788353863,positive
278,2021-11-19,0.2193151273271988,0.11050378771667023,0.04486419858763107,0.8446514016691632,positive
279,2021-11-20,0.21992222222222224,0.13122222222222224,0.02488888888888889,0.8437777777777777,positive
280,2021-11-21,0.12430000000000001,0.06316666666666666,0.022000000000000002,0.9148333333333333,positive
281,2021-11-22,0.03285454545454546,0.07027272727272728,0.10009090909090909,0.8296363636363636,neutral
282,2021-11-23,0.011300000000000004,0.05975,0.055,0.88525,neutral
283,2021-11-24,0.1558720839260313,0.09348862019914651,0.04837571123755334,0.8581349573257467,positive
284,2021-11-25,0.12785526288391463,0.09409023078257851,0.06035457227138643,0.8455564462953322,positive
285,2021-11-26,0.17167266200257003,0.10005362351357415,0.046942358292369514,0.8530032227140147,positive
286,2021-11-27,0.3328,0.1968,0.0,0.8032,positive
287,2021-11-28,0.344825,0.11649999999999999,0.0,0.8835000000000001,positive
288,2021-11-29,0.4412,0.15925,0.0,0.84075,positive
289,2021-11-30,0.1795,0.1749375,0.046375,0.7786875,positive
290,2021-12-01,0.22280000000000003,0.07744444444444445,0.0,0.9225555555555557,positive
291,2021-12-02,0.34208571428571427,0.12342857142857143,0.029428571428571432,0.8471428571428571,positive
292,2021-12-03,0.2707,0.074,0.0,0.926,positive
293,2021-12-04,0.0,0.152,0.152,0.696,neutral
294,2021-12-05,-0.046075000000000005,0.08399999999999999,0.05875,0.8572500000000001,neutral
295,2021-12-06,0.16596666666666665,0.1315,0.07233333333333333,0.7961666666666667,positive
296,2021-12-07,0.0,0.0,0.0,1.0,neutral
297,2021-12-08,-0.053,0.0,0.038625,0.9613750000000001,negative
298,2021-12-09,0.11951999999999999,0.2152,0.1016,0.6834,positive
299,2021-12-10,0.3013666666666666,0.08700000000000001,0.0,0.9129999999999999,positive
300,2021-12-11,0.17896341779175143,0.1028988348437211,0.04353578694285186,0.8535657481043092,positive
301,2021-12-12,0.22280000000000003,0.076,0.036,0.888,positive
302,2021-12-13,0.32484999999999997,0.2275,0.088,0.6845,positive
303,2021-12-14,0.22619999999999996,0.11966666666666666,0.021,0.8593333333333333,positive
304,2021-12-15,0.32926666666666665,0.103,0.017333333333333333,0.8796666666666667,positive
305,2021-12-16,0.16297499999999998,0.057749999999999996,0.0,0.94225,positive
306,2021-12-17,0.23726728571428574,0.115486978021978,0.04117027472527472,0.8433453846153847,positive
307,2021-12-18,0.11315,0.053,0.0,0.9470000000000001,positive
308,2021-12-19,0.28315,0.10950000000000001,0.0,0.8905000000000001,positive
309,2021-12-20,0.3818,0.133,0.0,0.867,positive
310,2021-12-21,0.4019,0.09,0.042,0.868,positive
311,2021-12-22,0.0,0.0,0.0,1.0,neutral
312,2021-12-23,-0.013800000000000007,0.14575,0.152,0.7022499999999999,neutral
313,2021-12-25,0.10115,0.038,0.0,0.962,positive
314,2021-12-26,0.25020000000000003,0.08900000000000001,0.016,0.895,positive
315,2021-12-27,0.129,0.18839999999999998,0.10740000000000001,0.7041999999999999,positive
316,2021-12-28,0.02086000000000001,0.1224,0.061,0.8166,neutral
317,2021-12-29,0.20412530920060332,0.0969079939668175,0.029217797888386122,0.8738766214177979,positive
318,2021-12-30,0.2135629438033338,0.10458420657027899,0.03988831410001326,0.8555218198700093,positive
319,2021-12-31,0.34128,0.27240000000000003,0.0208,0.7070000000000001,positive
320,2022-01-01,0.14935384615384614,0.12753846153846154,0.08784615384615384,0.7848461538461537,positive
321,2022-01-02,0.4939,0.106,0.064,0.83,positive
322,2022-01-03,-0.04408333333333333,0.14533333333333334,0.15683333333333335,0.6976666666666667,neutral
323,2022-01-04,0.30954000000000004,0.14700000000000002,0.007000000000000001,0.8462,positive
324,2022-01-05,-0.08452,0.023799999999999998,0.07020000000000001,0.9057999999999999,negative
325,2022-01-06,0.3547142857142857,0.11271428571428573,0.027571428571428573,0.8597142857142857,positive
326,2022-01-07,-0.020474999999999993,0.059000000000000004,0.0395,0.90175,neutral
327,2022-01-08,0.430125,0.1475,0.02675,0.82575,positive
328,2022-01-09,-0.2255,0.0,0.074,0.926,negative
329,2022-01-10,0.079375,0.10700000000000001,0.124,0.769,positive
330,2022-01-11,0.20463310737793497,0.10021750663129973,0.035114942528735635,0.8646697121524708,positive
331,2022-01-12,0.21790336305033603,0.09395106295432724,0.03281075298312989,0.8732403511178165,positive
332,2022-01-13,0.21597977822183445,0.09333511581435928,0.03167960372632349,0.8749570515887535,positive
333,2022-01-14,0.20097012874862616,0.09808619877531795,0.03453218715653949,0.8673761186999529,positive
334,2022-01-15,0.017724999999999998,0.02375,0.0175,0.95875,neutral
335,2022-01-16,-0.3612,0.0,0.091,0.909,negative
336,2022-01-17,0.0256,0.0194,0.0,0.9806000000000001,neutral
337,2022-01-18,0.3109571428571428,0.131,0.045714285714285714,0.8232857142857143,positive
338,2022-01-19,0.14437993270113184,0.08228296115019884,0.03275068828387886,0.8849617620067299,positive
339,2022-01-20,0.19097305878812199,0.10140559791332264,0.03596528892455859,0.8625796548956661,positive
340,2022-01-21,0.1957799614411375,0.10076262200265093,0.03519948186528497,0.8639979214363177,positive
341,2022-01-22,0.21421298079116666,0.10292363614241609,0.033962281942479966,0.8630729266475035,positive
342,2022-01-23,0.06344999999999999,0.047,0.025,0.9279999999999999,positive
343,2022-01-24,0.0671,0.0635,0.03983333333333333,0.8966666666666666,positive
344,2022-01-25,0.21961428571428573,0.11342857142857143,0.03071428571428572,0.8558571428571428,positive
345,2022-01-26,0.014350000000000003,0.09333333333333334,0.06166666666666667,0.8450000000000001,neutral
346,2022-01-27,0.06251666666666666,0.09166666666666667,0.036,0.8721666666666668,positive
347,2022-01-28,0.564175,0.19225,0.0345,0.77275,positive
348,2022-01-29,0.50215,0.119,0.035500000000000004,0.8455,positive
349,2022-01-30,0.08399999999999998,0.056999999999999995,0.037333333333333336,0.9056666666666667,positive
350,2022-01-31,0.1434333333333333,0.1145,0.034333333333333334,0.8511666666666667,positive
351,2022-02-01,0.1255625,0.129625,0.028125,0.8422499999999999,positive
352,2022-02-02,0.042899999999999994,0.1105,0.16599999999999998,0.7235,neutral
353,2022-02-03,0.03703333333333333,0.1205,0.1416666666666667,0.7378333333333332,neutral
354,2022-02-04,0.135375,0.0925,0.09825,0.80925,positive
355,2022-02-05,0.34788,0.1324,0.027800000000000002,0.8396000000000001,positive
356,2022-02-06,0.0,0.0,0.0,1.0,neutral
357,2022-02-07,0.11333333333333334,0.03266666666666667,0.0,0.9673333333333334,positive
358,2022-02-08,0.4728,0.158,0.096,0.746,positive
359,2022-02-09,0.2002664071588367,0.09828460850111857,0.03597677852348993,0.865742192393736,positive
360,2022-02-10,0.03790000000000001,0.03133333333333333,0.028999999999999998,0.9396666666666667,neutral
361,2022-02-11,0.30376,0.1384,0.0318,0.8295999999999999,positive
362,2022-02-12,0.44386666666666663,0.333,0.027,0.64,positive
363,2022-02-13,0.2063,0.08433333333333333,0.027,0.8886666666666668,positive
364,2022-02-14,0.18643049410791815,0.10014988629315692,0.03481703535249121,0.8650370064089312,positive
365,2022-02-15,0.2871507049345418,0.11768982880161127,0.03078801611278953,0.8515302114803625,positive
366,2022-02-16,0.21583604318831373,0.11183867894569705,0.03686186090822483,0.8513035884407749,positive
367,2022-02-17,0.23456088545410975,0.10075712916367122,0.03209890965732087,0.8671452192667146,positive
368,2022-02-18,0.23222308820832568,0.10428522525826761,0.03400501253132832,0.861714896998594,positive
369,2022-02-19,0.46429999999999993,0.147,0.0,0.853,positive
370,2022-02-21,0.3982,0.1835,0.0,0.8165,positive
371,2022-02-22,-0.29017499999999996,0.061,0.14125,0.7975,negative
372,2022-02-23,0.036825,0.0425,0.04825,0.90925,neutral
373,2022-02-24,-0.23186666666666667,0.02666666666666667,0.09166666666666667,0.8816666666666667,negative
374,2022-02-25,0.0,0.07250000000000001,0.0525,0.875,neutral
375,2022-02-26,0.3818,0.148,0.0,0.852,positive
376,2022-02-27,0.296,0.071,0.0,0.929,positive
377,2022-02-28,0.2674231686733431,0.13044086868459548,0.028160796669292224,0.8408448295262743,positive
378,2022-03-01,0.28722453436807094,0.14690764966740577,0.02871829268292683,0.8239343680709534,positive
379,2022-03-02,0.2654584121641228,0.12277819047066334,0.028525970634321864,0.8484769311125298,positive
380,2022-03-03,0.3274767410622029,0.15059072122339326,0.024949473031618104,0.8241496176896053,positive
381,2022-03-04,0.31468279365079366,0.14704031746031745,0.029815555555555557,0.8214414814814816,positive
382,2022-03-05,0.3400716452624128,0.15514986348467996,0.027420366063302663,0.8170322580645161,positive
383,2022-03-06,0.2802400401313389,0.13093366168065182,0.029956828408123557,0.8372778791195427,positive
384,2022-03-07,0.22631611471606766,0.10754523753488215,0.031711864976633156,0.8603408196886662,positive
385,2022-03-08,0.24332013022998059,0.11882675256303686,0.030142421723469107,0.8508901357716819,positive
386,2022-03-09,0.2600329674129138,0.12245198374967585,0.03088486472469531,0.8464204339182297,positive
387,2022-03-10,0.2766820475866045,0.12877459252659715,0.031397804098317696,0.8394326031130444,positive
388,2022-03-11,0.28531654827413705,0.13531475737868934,0.03177488744372186,0.8329059529764883,positive
389,2022-03-12,0.2738812123135513,0.13516005500899186,0.032182799111393205,0.8324443033957474,positive
390,2022-03-13,0.3032036828963795,0.14540771951727008,0.029822825634623386,0.8245625260091551,positive
391,2022-03-14,0.27290216443709603,0.1280405831955509,0.027958890725988277,0.8415126258830602,positive
392,2022-03-15,0.23159586701399143,0.12041751483739292,0.036317829041007596,0.8424690496012032,positive
393,2022-03-16,0.25316547246231574,0.12714825253664036,0.032518956950185814,0.8402451668128106,positive
394,2022-03-17,0.24174810173992983,0.11981357894378426,0.03033780516871531,0.8496025400932956,positive
395,2022-03-18,0.24561767583191282,0.11901756466315867,0.0292920773734529,0.8516552656933225,positive
396,2022-03-19,0.2337161673949277,0.11909221136087211,0.034380422541555926,0.8463667732780755,positive
397,2022-03-20,0.2764725433871933,0.1255938559744664,0.0327834829443447,0.840953121883104,positive
398,2022-03-21,0.2010814660381919,0.11050277979211989,0.037781605027797927,0.8515993775682862,positive
399,2022-03-22,0.27677666433775827,0.13112366503643078,0.02292863559237449,0.8455447649466016,positive
400,2022-03-23,0.23716395854857392,0.11490579505964121,0.03544228421151498,0.8494633543095081,positive
401,2022-03-24,0.23285090484632534,0.11274918818346176,0.03549935932316441,0.851558248933668,positive
402,2022-03-25,0.3332691173327634,0.14727655481940585,0.026621072878820262,0.8256689463560589,positive
403,2022-03-26,0.2892266364094806,0.1347955622793747,0.03289460413514876,0.8314870398386283,positive
404,2022-03-27,0.2832841910251132,0.15290222313709345,0.0502383696994648,0.7966541786743516,positive
405,2022-03-28,0.2635441076331686,0.14091323448654586,0.0375053267435475,0.8213593629873696,positive
406,2022-03-29,0.27119897565922924,0.1380293103448276,0.030808316430020282,0.830847261663286,positive
407,2022-03-30,0.2912817872702157,0.13854988842843483,0.027766762299436826,0.8331495058973543,positive
408,2022-03-31,0.2852929290914531,0.14521462052458362,0.032591702403510524,0.8219928193876532,positive
409,2022-04-01,0.24938926926298155,0.12512604690117252,0.030481155778894473,0.8432277010050252,positive
410,2022-04-02,0.32648067584976714,0.15598701813497176,0.02854583292042414,0.8151565751659896,positive
411,2022-04-03,0.24371505037142566,0.13656782334384857,0.035625012720056984,0.8268952884908924,positive
412,2022-04-04,0.27385736106597336,0.1490331491712707,0.04359614342974759,0.8070019499512513,positive
413,2022-04-05,0.28663937428896474,0.14940489192263937,0.04060011376564278,0.8093720136518772,positive
414,2022-04-06,0.2692640831348777,0.13465501190733925,0.03598246373673956,0.8291450530417839,positive
415,2022-04-07,0.2630130405575615,0.1384220337559829,0.0438729532286506,0.8171152909564195,positive
416,2022-04-08,0.29495812049132386,0.14913959836225385,0.03489520374341977,0.8147961590953402,positive
417,2022-04-09,0.2698473423036549,0.14733657791774024,0.041059738524668384,0.8104112033590992,positive
418,2022-04-10,0.25658225233016235,0.12264370135485732,0.024837513212260975,0.8516474488325165,positive
419,2022-04-11,0.2898790731707317,0.14028643902439022,0.023617268292682927,0.8354950243902439,positive
420,2022-04-12,0.27174096270928466,0.13348668188736681,0.02531963470319635,0.8410934170471842,positive
421,2022-04-13,0.18275795450300697,0.11209921183370064,0.043254715923947556,0.84449957043069,positive
422,2022-04-14,0.18138007443289225,0.1081789933837429,0.04285417651228734,0.8487621101134215,positive
423,2022-04-15,0.20741907443251803,0.1064870886855534,0.03756974749252155,0.8558759677986978,positive
424,2022-04-16,0.21227188345772166,0.1071837529730173,0.03642264003936685,0.8563014024440252,positive
425,2022-04-17,0.24330770919067218,0.11914705075445815,0.03397497942386831,0.846114183813443,positive
426,2022-04-18,0.18563933271514674,0.10606398231035344,0.04194352509005314,0.851947929669389,positive
427,2022-04-19,0.18977842724594182,0.10691406035539777,0.040285324744249035,0.8526053474370001,positive
428,2022-04-20,0.2754402761399371,0.13853459119496855,0.032297955974842765,0.8284841293238995,positive
429,2022-04-21,0.22852948047372557,0.11932480555028592,0.03640694869779669,0.8426730805712892,positive
430,2022-04-22,0.20065865517394985,0.11131821016526348,0.042589380373290575,0.845692970733663,positive
431,2022-04-23,0.2249695174615096,0.12402628614344724,0.043159218926023285,0.8308316748028539,positive
432,2022-04-24,0.2131155441972339,0.12260543195029064,0.04279053918620966,0.8338018641010222,positive
433,2022-04-25,0.2561667310313494,0.13499284416174467,0.03689209450249886,0.8281122217174012,positive
434,2022-04-26,0.212950193394823,0.12010106119210553,0.041823861945849444,0.8376602201725678,positive
435,2022-04-27,0.18640247974465995,0.12082510843767903,0.04672452737539897,0.8318747851706358,positive
436,2022-04-28,0.15209930399500624,0.09414881398252184,0.04426576154806492,0.8614593008739075,positive
437,2022-04-29,0.15157166777408637,0.10012750830564784,0.046573488372093026,0.8530356146179402,positive
438,2022-04-30,0.14655248485411201,0.09371711427311344,0.04403904273345559,0.862153803300759,positive
439,2022-05-01,0.14446925759059745,0.09173518119490695,0.04357230166503428,0.8644388442703232,positive
440,2022-05-02,0.2141092919011043,0.1034592487101067,0.031055097705040505,0.8652322041416665,positive
441,2022-05-03,0.2763200641089853,0.13598647701091857,0.029106681358309124,0.8348088750876491,positive
442,2022-05-04,0.20867287782719787,0.13053061417620895,0.04498107315226649,0.8245494463897037,positive
443,2022-05-05,0.33236954610606784,0.16700812231247014,0.028111132345914953,0.8034555183946489,positive
444,2022-05-06,0.28456019797896476,0.14513466694163746,0.031666013611053825,0.822576819962879,positive
445,2022-05-07,0.23146483644859814,0.12458060747663552,0.031192075545171342,0.8435484813084112,positive
446,2022-05-08,0.24799385616589456,0.1304846679902934,0.03721972203838518,0.8318552834767262,positive
447,2022-05-09,0.24814622773664197,0.12635501300780466,0.0341166700020012,0.8394232539523714,positive
448,2022-05-10,0.20956875337048356,0.10962470789142549,0.03912201150458386,0.8511646593564625,positive
449,2022-05-11,0.1977823743362188,0.10723052302320506,0.03800360078562596,0.854549210736888,positive
450,2022-05-12,0.17637446783184874,0.09864022853968696,0.04215208205209593,0.8590880234888012,positive
451,2022-05-13,0.19843988847661573,0.10868111020271262,0.04083797664717104,0.850196549483261,positive
452,2022-05-14,0.31322050561797754,0.1544597712680578,0.028241873996789724,0.8171991372391654,positive
453,2022-05-15,0.3353077256109294,0.1723744467962286,0.030647007889166827,0.7964016740427169,positive
454,2022-05-16,0.30092383894950275,0.1553938399150333,0.035716520227865214,0.8087715554697307,positive
455,2022-05-17,0.34283036529680366,0.1590565812983919,0.030350208457415127,0.8103907087552115,positive
456,2022-05-18,0.3301140041596514,0.15354243834802417,0.02624165593740715,0.8201053778350005,positive
457,2022-05-19,0.28956310601488633,0.14041198953932812,0.026489539328102996,0.8329064574532287,positive
458,2022-05-20,0.3005887873834022,0.14308308491201077,0.027909318203673428,0.8290140398115203,positive
459,2022-05-21,0.2133817669761135,0.12332429331386252,0.04317607176384687,0.8332876812350057,positive
460,2022-05-22,0.1831149073385068,0.10443545586619893,0.041213599801566206,0.8543560469154176,positive
461,2022-05-23,0.2035798701737778,0.11025600108188519,0.03904652106295219,0.8505609574683887,positive
462,2022-05-24,0.20380444824325306,0.11275776533061758,0.03940008729177275,0.847811558885575,positive
463,2022-05-25,0.20593233554726595,0.11261250113729414,0.040100263852242746,0.847061641342917,positive
464,2022-05-26,0.15728806211693408,0.09646925142896494,0.04333393017009848,0.8601958887128986,positive
465,2022-05-27,0.23188145533532445,0.11985767942800254,0.036507059462394784,0.8435979726672098,positive
466,2022-05-28,0.22697656965777419,0.12238675559148478,0.038256197790353004,0.8386913904607922,positive
467,2022-05-29,0.20067625157927985,0.10733453095388502,0.03511220783322805,0.8573198831332912,positive
468,2022-05-30,0.19688897419807316,0.10417529806946957,0.03364637702558045,0.862034956258536,positive
469,2022-05-31,0.18008363917236214,0.09491559779046906,0.031989326842055986,0.8730551914614737,positive
470,2022-06-01,0.15976376753861815,0.07952414464657195,0.029603018634090206,0.8908737662107732,positive
471,2022-06-02,0.13618112509252406,0.07478960029607698,0.03384566987416728,0.8913667653589933,positive
472,2022-06-03,0.1787336945528103,0.09478955353272649,0.03593877329865626,0.8692744545585898,positive
473,2022-06-04,0.18649447031431896,0.09678274155995344,0.035598370197904544,0.8676222351571595,positive
474,2022-06-05,0.24204212707182318,0.10961602209944751,0.030513812154696132,0.8599019337016574,positive
475,2022-06-06,0.20751595598349382,0.0968569463548831,0.027606602475928475,0.8755584594222833,positive
476,2022-06-07,0.22071460055096417,0.09680716253443526,0.02678236914600551,0.8764077134986227,positive
477,2022-06-08,0.25886172661870505,0.1051453237410072,0.024903597122302158,0.8699568345323742,positive
478,2022-06-09,0.20734920863309353,0.09330791366906475,0.02442446043165468,0.8822661870503596,positive
479,2022-06-10,0.2318846685082873,0.0951049723756906,0.02024585635359116,0.8846519337016574,positive
480,2022-06-11,0.2011698895027624,0.08884806629834253,0.030658839779005524,0.8805110497237569,positive
481,2022-06-12,0.17019211618257263,0.09139280774550484,0.03292392807745505,0.8756763485477179,positive
482,2022-06-13,0.08506352459016393,0.06949863387978142,0.04379234972677595,0.8867254098360655,positive
483,2022-06-14,0.14627038588094526,0.0807625486090338,0.034711037989829496,0.8845319772659288,positive
484,2022-06-15,0.16388892650350556,0.08473326303716448,0.03398285143459681,0.881269733799508,positive
485,2022-06-16,0.16665837837837838,0.08916216216216216,0.03676756756756756,0.8740702702702703,positive
486,2022-06-17,0.18929840920923238,0.09040758951813502,0.031347486550587146,0.8782024064325794,positive
487,2022-06-18,0.14031484103530023,0.08055009255350241,0.03581028155749683,0.8836448543500146,positive
488,2022-06-19,0.14564688114638943,0.08234251194155662,0.03543628828322563,0.882224290531048,positive
489,2022-06-20,0.10832327823691461,0.07029063360881542,0.04414876033057851,0.8855550964187328,positive
490,2022-06-21,0.19401383561643837,0.1029041095890411,0.035265753424657535,0.8618356164383562,positive
491,2022-06-22,0.16891022099447514,0.08758149171270718,0.034954419889502764,0.8774654696132597,positive
492,2022-06-23,0.15578906890271665,0.08709254059796631,0.03447882835028077,0.8783605251176203,positive
493,2022-06-24,0.17739284584285464,0.08881191773598171,0.035787308841624184,0.8754086834241518,positive
494,2022-06-25,0.1585578936179259,0.08546422041753475,0.032556231132276035,0.881989880522131,positive
495,2022-06-26,0.17279620501709606,0.08544310910999019,0.032549172280713634,0.882012119570737,positive
496,2022-06-27,0.1999352209944751,0.0988743093922652,0.028400552486187846,0.8727182320441988,positive
497,2022-06-28,0.1476028022670025,0.08017107472712007,0.034867653232577664,0.8849680940386231,positive
498,2022-06-29,0.15274696098452278,0.0811302128116939,0.033050999570077386,0.8858278159931212,positive
499,2022-06-30,0.16744162087912087,0.08885164835164835,0.0351978021978022,0.8759354395604396,positive
500,2022-07-01,0.15002910344827586,0.08208827586206897,0.03353793103448276,0.8843641379310344,positive
501,2022-07-02,0.17303828115255085,0.08442734189846576,0.03108157664961956,0.8843749532243981,positive
502,2022-07-03,0.18052298003977316,0.08162922589673713,0.03215879796715033,0.8862055682404066,positive
503,2022-07-04,0.18914905933429813,0.09512011577424022,0.02869030390738061,0.8761823444283647,positive
504,2022-07-05,0.20291471801925723,0.09593122420907842,0.02336726272352132,0.8807042640990372,positive
505,2022-07-06,0.1709124828532236,0.09031824417009603,0.03311111111111111,0.8765720164609053,positive
506,2022-07-07,0.21515020632737275,0.09902888583218707,0.02491334250343879,0.8760674002751031,positive
507,2022-07-08,0.1786833103448276,0.08160275862068965,0.02566896551724138,0.8927337931034482,positive
508,2022-07-09,0.22764066390041496,0.09305947441217151,0.02299170124481328,0.8839529737206085,positive
509,2022-07-10,0.19758711911357343,0.09615096952908588,0.029749307479224375,0.8741038781163434,positive
510,2022-07-11,0.10628440604751621,0.08306393088552916,0.047326853851691865,0.8696135349172067,positive
511,2022-07-12,0.11628828406426896,0.08501103550803363,0.045124421064669226,0.8698684887643662,positive
512,2022-07-13,0.1155187430777507,0.08600183538495618,0.045396633017942466,0.8686051074333091,positive
513,2022-07-14,0.10901350395640706,0.0833757862090954,0.04689391611837338,0.8697395147966726,positive
514,2022-07-15,0.11397989137504878,0.08170157408611942,0.04580642643423962,0.8724623064914792,positive
515,2022-07-16,0.12441481142374194,0.08833471845617494,0.04484350459555587,0.8668220234531817,positive
516,2022-07-17,0.13494832503899576,0.0865103617321548,0.04392022580405556,0.8695730520686326,positive
517,2022-07-18,0.17681639344262295,0.08499180327868852,0.030586065573770492,0.8844303278688525,positive
518,2022-07-19,0.2653285714285714,0.10942857142857143,0.016999999999999998,0.8735714285714286,positive
519,2022-07-20,0.08967272727272727,0.09518181818181817,0.03663636363636364,0.8681818181818183,positive
520,2022-07-21,0.2000271544715447,0.08953495934959349,0.027318699186991872,0.8831414634146341,positive
521,2022-07-22,0.16338441379310345,0.09110068965517241,0.030711724137931037,0.8781972413793103,positive
522,2022-07-23,0.20070567867036013,0.08986842105263158,0.026445983379501388,0.883685595567867,positive
523,2022-07-24,0.21372940360610262,0.09171567267683772,0.026676837725381417,0.8816047156726767,positive
524,2022-07-25,0.23362847317744156,0.09563548830811555,0.025427785419532327,0.878939477303989,positive
525,2022-07-26,0.20247682758620691,0.08534896551724137,0.027140689655172412,0.8875158620689655,positive
526,2022-07-27,0.19366165951359088,0.09307296137339056,0.024603719599427754,0.8823175965665236,positive
527,2022-07-28,0.18961306740027511,0.08607152682255846,0.02478129298486933,0.8891513067400275,positive
528,2022-07-29,0.1811759002770083,0.08137119113573407,0.025397506925207754,0.8932257617728532,positive
529,2022-07-30,0.2053314404432133,0.09309418282548476,0.020062326869806094,0.8854570637119112,positive
530,2022-07-31,0.22872576177285317,0.0967797783933518,0.02686842105263158,0.8763573407202216,positive
531,2022-08-01,0.1965424033149171,0.09943508287292818,0.029454419889502762,0.8711201657458564,positive
532,2022-08-02,0.2120665165165165,0.09106756756756758,0.021872372372372374,0.887048048048048,positive
533,2022-08-03,0.24483691899070387,0.09807171314741035,0.0230863213811421,0.8788419654714476,positive
534,2022-08-04,0.24305673076923076,0.10021565934065933,0.023281593406593408,0.8764793956043956,positive
535,2022-08-05,0.19594242424242425,0.09094490358126721,0.02384435261707989,0.8851955922865015,positive
536,2022-08-06,0.24302314049586776,0.10367906336088155,0.024465564738292013,0.8718429752066116,positive
537,2022-08-07,0.18656463245492372,0.087748959778086,0.027242718446601942,0.8849916782246878,positive
538,2022-08-08,0.1972950276243094,0.08445580110497238,0.026233425414364638,0.889299723756906,positive
539,2022-08-09,0.21147636103151862,0.08888825214899714,0.021080229226361033,0.8900272206303725,positive
540,2022-08-10,0.22754433833560708,0.09661527967257845,0.019043656207366984,0.8843260572987722,positive
541,2022-08-11,0.2505622002820875,0.10030888575458392,0.01758815232722144,0.8821043723554303,positive
542,2022-08-12,0.2814402489626556,0.11156431535269709,0.017904564315352697,0.870539419087137,positive
543,2022-08-13,0.23593333333333333,0.09873582295988935,0.021195020746887967,0.8800760719225449,positive
544,2022-08-14,0.22447071823204418,0.09251795580110497,0.02097513812154696,0.8864917127071824,positive
545,2022-08-15,0.2669591749644381,0.10596443812233285,0.023802275960170698,0.8702332859174965,positive
546,2022-08-16,0.26963796423658876,0.1110082530949106,0.024701513067400274,0.8642957359009628,positive
547,2022-08-17,0.21119724517906338,0.08992699724517907,0.023400826446280994,0.8866818181818181,positive
548,2022-08-18,0.1880470914127424,0.08016481994459833,0.023631578947368424,0.8962119113573408,positive
549,2022-08-19,0.19293790664780766,0.09245827439886845,0.027357850070721355,0.8801838755304101,positive
550,2022-08-20,0.19296800554016622,0.08490858725761773,0.032914127423822714,0.8821662049861495,positive
551,2022-08-21,0.15326893203883496,0.08992649098474341,0.03661997226074896,0.8734549237170596,positive
552,2022-08-22,0.24340440771349864,0.11344490358126723,0.02322451790633609,0.8633347107438016,positive
553,2022-08-23,0.2241424060150376,0.08760601503759399,0.02486015037593985,0.8875398496240602,positive
554,2022-08-24,0.1922793103448276,0.08982344827586207,0.031528275862068966,0.878648275862069,positive
555,2022-08-25,0.1749241910631741,0.08247611710323575,0.02816640986132512,0.8893451463790446,positive
556,2022-08-26,0.1699453313253012,0.0748448795180723,0.02442771084337349,0.9007243975903615,positive
557,2022-08-27,0.18642985074626867,0.08325041459369818,0.029291873963515756,0.8874543946932006,positive
558,2022-08-28,0.15524638728323698,0.07535404624277457,0.027036127167630056,0.8975968208092486,positive
559,2022-08-29,0.20713204419889505,0.08754972375690608,0.02916988950276243,0.8832734806629834,positive
560,2022-08-30,0.12472527334515367,0.0724833037825059,0.03062677304964539,0.8968905141843971,positive
561,2022-08-31,0.13043452472358721,0.07581138667076166,0.03271302979115479,0.8914800752457003,positive
562,2022-09-01,0.1357537586014506,0.08146486888599591,0.03237552538590292,0.8861604240282686,positive
563,2022-09-02,0.13388131589732127,0.07908460936626803,0.03472918296635744,0.8861835997168511,positive
564,2022-09-03,0.11870523021904336,0.08518581433467441,0.04321509462077187,0.8715978244672925,positive
565,2022-09-04,0.10601715986394558,0.08379455782312925,0.04804268707482993,0.8681586734693878,positive
566,2022-09-05,0.20699166666666668,0.08,0.03833333333333334,0.8816666666666667,positive
567,2022-09-06,0.03172777777777777,0.06227777777777778,0.058277777777777776,0.8795,neutral
568,2022-09-07,0.4983842105263158,0.16584210526315787,0.02147368421052632,0.8125789473684211,positive
569,2022-09-08,0.16034545454545454,0.08772727272727272,0.03190909090909091,0.8803636363636363,positive
570,2022-09-09,0.319385,0.14815,0.023299999999999998,0.8285499999999999,positive
571,2022-09-10,0.2939375,0.143625,0.0,0.856375,positive
572,2022-09-11,0.5712909090909091,0.14118181818181819,0.0035454545454545456,0.8552727272727272,positive
573,2022-09-12,0.24565555555555557,0.06211111111111112,0.0,0.937888888888889,positive
574,2022-09-13,0.21080000000000002,0.12025,0.0640625,0.815625,positive
575,2022-09-14,0.12572020202020204,0.06952188552188553,0.03037878787878788,0.9000993265993266,positive
576,2022-09-15,0.27561034482758623,0.12168965517241379,0.04603448275862069,0.8323103448275863,positive
577,2022-09-16,0.13875,0.08625,0.0745,0.8392499999999999,positive
578,2022-09-17,0.3023,0.19366666666666665,0.056333333333333326,0.75,positive
579,2022-09-18,0.15342,0.031000000000000007,0.0,0.969,positive
580,2022-09-19,0.0034470588235294107,0.11652941176470588,0.06805882352941177,0.8154705882352941,neutral
581,2022-09-20,0.10375000000000001,0.1109,0.0477,0.8414999999999999,positive
582,2022-09-21,0.11735454545454545,0.08772727272727272,0.046363636363636364,0.8658181818181819,positive
583,2022-09-22,0.039384615384615386,0.06338461538461539,0.05007692307692308,0.8865384615384616,neutral
584,2022-09-23,-0.0011727272727272697,0.10945454545454546,0.10881818181818183,0.7818181818181817,neutral
585,2022-09-24,-0.18515,0.028999999999999998,0.04533333333333334,0.9256666666666667,negative
586,2022-09-25,0.18728333333333336,0.07166666666666667,0.025666666666666667,0.9025,positive
587,2022-09-26,0.4057857142857143,0.13664285714285715,0.01007142857142857,0.8532857142857143,positive
588,2022-09-27,0.0528,0.08164285714285714,0.075,0.8433571428571429,positive
589,2022-09-28,0.34140000000000004,0.16966666666666666,0.024333333333333332,0.8059999999999999,positive
590,2022-09-29,0.05518333333333334,0.043666666666666666,0.036,0.9201666666666667,positive
591,2022-09-30,-0.031175,0.11987500000000001,0.05175,0.828375,neutral
592,2022-10-01,0.13351052631578947,0.06642105263157895,0.05405263157894737,0.8795263157894736,positive
593,2022-10-02,-0.009970000000000012,0.0615,0.0762,0.8622,neutral
594,2022-10-03,0.3416416666666667,0.12658333333333333,0.027083333333333334,0.8463333333333334,positive
595,2022-10-04,0.20192307692307693,0.10892307692307691,0.028153846153846154,0.8629230769230769,positive
596,2022-10-05,0.2509142857142857,0.10028571428571428,0.03692857142857143,0.8629285714285714,positive
597,2022-10-06,0.2474,0.10258823529411765,0.042352941176470586,0.8550588235294118,positive
598,2022-10-07,0.19376875,0.121,0.06862499999999999,0.810375,positive
599,2022-10-08,0.24275000000000002,0.1024,0.0123,0.8854,positive
600,2022-10-09,-0.06608,0.0072,0.0188,0.974,negative
601,2022-10-10,0.19301428571428572,0.14957142857142855,0.03321428571428571,0.8172142857142858,positive
602,2022-10-11,0.0354375,0.122875,0.03625,0.840875,neutral
603,2022-10-12,0.22524545454545455,0.10072727272727273,0.015363636363636364,0.883909090909091,positive
604,2022-10-13,0.12290434782608696,0.1292173913043478,0.06456521739130436,0.8061739130434783,positive
605,2022-10-14,0.08256923076923078,0.08476923076923076,0.07207692307692308,0.8432307692307692,positive
606,2022-10-15,0.540875,0.21525,0.0,0.7847500000000001,positive
607,2022-10-16,0.10508000000000002,0.0844,0.045200000000000004,0.8702,positive
608,2022-10-17,0.131975,0.114125,0.0441875,0.841625,positive
609,2022-10-18,-0.028939999999999987,0.09659999999999999,0.0633,0.8401,neutral
610,2022-10-19,0.03196428571428572,0.047785714285714286,0.05992857142857143,0.8923571428571428,neutral
611,2022-10-20,0.182325,0.0728125,0.014687500000000001,0.9125,positive
612,2022-10-21,0.16437142857142858,0.12092857142857143,0.03842857142857143,0.8406428571428571,positive
613,2022-10-22,0.14417,0.1085,0.0372,0.8542,positive
614,2022-10-24,0.2370357142857143,0.13028571428571428,0.028571428571428574,0.8411428571428571,positive
615,2022-10-25,0.2624142857142857,0.12847619047619047,0.03104761904761905,0.8404761904761904,positive
616,2022-10-26,0.29960000000000003,0.1375,0.043444444444444445,0.8190000000000001,positive
617,2022-10-27,0.05385,0.0989375,0.0424375,0.858625,positive
618,2022-10-28,0.04985,0.0555,0.04385714285714286,0.9006428571428572,neutral
619,2022-10-29,0.1099846153846154,0.06523076923076923,0.07107692307692307,0.8636923076923076,positive
620,2022-10-30,0.3214625,0.156875,0.034374999999999996,0.808875,positive
621,2022-10-31,0.11198666666666666,0.10566666666666666,0.04413333333333333,0.8502666666666666,positive
622,2022-11-01,0.1883965517241379,0.07020689655172414,0.03103448275862069,0.8987586206896552,positive
623,2022-11-02,0.22899375,0.1071875,0.0486875,0.8440624999999999,positive
624,2022-11-03,0.2487,0.12704545454545454,0.02059090909090909,0.8523181818181819,positive
625,2022-11-04,0.22441666666666668,0.10425,0.049708333333333334,0.8459583333333334,positive
626,2022-11-05,0.3356387096774193,0.14116129032258065,0.032612903225806456,0.826258064516129,positive
627,2022-11-06,0.15689999999999998,0.10184615384615385,0.07430769230769231,0.824,positive
628,2022-11-07,0.11426666666666667,0.06991666666666667,0.024333333333333332,0.906,positive
629,2022-11-08,0.11454722222222223,0.12605555555555556,0.0771111111111111,0.7968055555555555,positive
630,2022-11-09,0.14704857142857142,0.10751428571428572,0.04448571428571428,0.8479428571428572,positive
631,2022-11-10,0.05449375,0.1139375,0.076375,0.8096875,positive
632,2022-11-11,0.26737142857142854,0.12785714285714286,0.030357142857142857,0.8417142857142856,positive
633,2022-11-12,0.033375,0.033375,0.0215,0.94525,neutral
634,2022-11-13,0.054881818181818184,0.10200000000000001,0.10854545454545454,0.7895454545454546,positive
635,2022-11-14,0.004649999999999997,0.092375,0.081875,0.8258333333333333,neutral
636,2022-11-15,0.30791538461538465,0.1233846153846154,0.04576923076923077,0.8308461538461539,positive
637,2022-11-16,0.16524210526315788,0.09231578947368421,0.057105263157894735,0.8505789473684211,positive
638,2022-11-17,0.06628461538461539,0.06715384615384615,0.06276923076923077,0.8700769230769231,positive
639,2022-11-18,0.03655625,0.081875,0.065625,0.8525,neutral
640,2022-11-19,0.1374375,0.075375,0.027875,0.89675,positive
641,2022-11-20,0.14898571428571428,0.10742857142857143,0.06542857142857143,0.8272857142857143,positive
642,2022-11-21,0.14718124999999999,0.1005,0.04675,0.85275,positive
643,2022-11-22,0.06624705882352942,0.08664705882352941,0.0688235294117647,0.8444705882352941,positive
644,2022-11-23,0.2348416666666667,0.10333333333333333,0.015,0.8816666666666667,positive
645,2022-11-24,0.46811428571428576,0.19514285714285712,0.04257142857142857,0.7622857142857143,positive
646,2022-11-25,0.062227272727272714,0.029909090909090906,0.023272727272727275,0.9467272727272728,positive
647,2022-11-26,-0.012987499999999999,0.1036875,0.0989375,0.797375,neutral
648,2022-11-27,0.1635,0.17125,0.043875,0.7849999999999999,positive
649,2022-11-28,0.19113333333333332,0.12886666666666666,0.08673333333333333,0.7842666666666667,positive
650,2022-11-29,0.3367,0.18383333333333332,0.09449999999999999,0.7218333333333332,positive
651,2022-11-30,0.14324193548387096,0.10583870967741936,0.06145161290322581,0.832741935483871,positive
652,2022-12-01,0.0352,0.05291666666666667,0.051333333333333335,0.89575,neutral
653,2022-12-02,0.22535000000000002,0.14116666666666666,0.04724999999999999,0.8115,positive
654,2022-12-03,0.032140000000000016,0.07,0.05600000000000001,0.874,neutral
655,2022-12-04,0.10822727272727271,0.13318181818181818,0.06563636363636363,0.8011818181818182,positive
656,2022-12-05,0.15510833333333332,0.08975,0.024999999999999998,0.88525,positive
657,2022-12-06,0.21109411764705882,0.12658823529411767,0.06717647058823528,0.8061764705882353,positive
658,2022-12-07,0.26814999999999994,0.12016666666666666,0.08675,0.793,positive
659,2022-12-08,0.07752592592592593,0.12588888888888888,0.08596296296296296,0.7881111111111111,positive
660,2022-12-09,0.01943170731707317,0.10785365853658536,0.10339024390243902,0.7887073170731708,neutral
661,2022-12-10,0.40355,0.119375,0.017375,0.863125,positive
662,2022-12-11,0.19967272727272728,0.08309090909090909,0.035,0.881909090909091,positive
663,2022-12-12,-0.10552000000000002,0.0684,0.08256000000000001,0.8490000000000001,negative
664,2022-12-13,0.07773953488372093,0.11239534883720931,0.06906976744186047,0.8185581395348838,positive
665,2022-12-14,0.14045416666666669,0.09620833333333334,0.04579166666666667,0.858,positive
666,2022-12-15,0.18695,0.1142857142857143,0.05764285714285714,0.8280714285714286,positive
667,2022-12-16,0.08020000000000001,0.08921739130434783,0.0771304347826087,0.8336521739130435,positive
668,2022-12-17,0.157725,0.11491666666666667,0.05808333333333334,0.82675,positive
669,2022-12-18,0.48779500000000003,0.24645,0.05115000000000001,0.70245,positive
670,2022-12-19,0.0814642857142857,0.10442857142857143,0.07264285714285713,0.8228571428571428,positive
671,2022-12-20,0.04806923076923077,0.08153846153846155,0.08338461538461539,0.8350000000000001,neutral
672,2022-12-21,0.15602962962962963,0.13814814814814816,0.05414814814814815,0.8077037037037037,positive
673,2022-12-22,0.09303,0.13999999999999999,0.057499999999999996,0.8024000000000001,positive
674,2022-12-23,0.18760000000000002,0.1093846153846154,0.02923076923076923,0.8613846153846154,positive
675,2022-12-24,0.44957142857142857,0.1907142857142857,0.015571428571428571,0.7937142857142857,positive
676,2022-12-25,0.9383,0.341,0.0,0.659,positive
677,2022-12-26,0.058199999999999995,0.05466666666666667,0.056111111111111125,0.8892222222222222,positive
678,2022-12-27,0.1821666666666667,0.10633333333333334,0.035222222222222224,0.8584444444444445,positive
679,2022-12-28,0.1143375,0.1388125,0.06775,0.7935,positive
680,2022-12-29,0.21275384615384615,0.13176923076923078,0.09276923076923077,0.7753846153846153,positive
681,2022-12-30,0.20543500000000003,0.119,0.06565,0.8154,positive
682,2022-12-31,0.3704454545454545,0.1148181818181818,0.032363636363636365,0.8528181818181818,positive
683,2023-01-01,0.06164117647058823,0.10429411764705881,0.09058823529411764,0.8051176470588236,positive
684,2023-01-02,0.16184285714285715,0.079,0.041928571428571426,0.8790000000000001,positive
685,2023-01-03,0.21906785714285712,0.13682142857142857,0.03728571428571429,0.8258571428571428,positive
686,2023-01-04,0.29005652173913044,0.1341304347826087,0.027956521739130435,0.8378695652173913,positive
687,2023-01-05,0.31947894736842103,0.1601578947368421,0.06542105263157894,0.7743684210526316,positive
688,2023-01-06,0.278625,0.14425,0.0320625,0.8236875,positive
689,2023-01-07,0.048835714285714274,0.14442857142857143,0.09435714285714285,0.7612142857142857,neutral
690,2023-01-08,0.0347,0.041444444444444443,0.079,0.8795555555555556,neutral
691,2023-01-09,0.296928125,0.162,0.053,0.785,positive
692,2023-01-10,0.2021551724137931,0.09710344827586206,0.04320689655172413,0.8597241379310344,positive
693,2023-01-11,0.3074607142857143,0.14417857142857143,0.02875,0.8270714285714286,positive
694,2023-01-12,0.2645578125,0.161453125,0.041625,0.7969375,positive
695,2023-01-13,0.10052972972972972,0.10581081081081081,0.05318918918918919,0.841,positive
696,2023-01-14,0.19230377358490566,0.1418490566037736,0.0510754716981132,0.8070566037735849,positive
697,2023-01-15,0.20096206896551722,0.10606896551724138,0.03510344827586207,0.8588275862068965,positive
698,2023-01-16,0.19322894736842106,0.09828947368421054,0.04684210526315789,0.8548157894736841,positive
699,2023-01-17,0.18219032258064516,0.11909677419354839,0.05651612903225806,0.8243225806451613,positive
700,2023-01-18,0.189864,0.11608,0.06835999999999999,0.81556,positive
701,2023-01-19,0.33679714285714285,0.12637142857142858,0.022914285714285717,0.8507714285714286,positive
702,2023-01-20,0.17203333333333334,0.10030555555555555,0.04938888888888889,0.8503055555555555,positive
703,2023-01-21,0.122408,0.09304,0.059480000000000005,0.84748,positive
704,2023-01-22,0.3824789473684211,0.16257894736842105,0.009526315789473683,0.8278947368421052,positive
705,2023-01-23,0.18714090909090908,0.13513636363636364,0.04777272727272727,0.8170909090909091,positive
706,2023-01-24,0.35549444444444445,0.12155555555555557,0.03127777777777777,0.8471666666666667,positive
707,2023-01-25,0.22927857142857144,0.1355357142857143,0.054535714285714285,0.8098928571428571,positive
708,2023-01-26,0.29886969696969695,0.167,0.043515151515151514,0.7895151515151515,positive
709,2023-01-27,0.3199366666666667,0.15263333333333332,0.03486666666666667,0.8124333333333333,positive
710,2023-01-28,0.26876500000000003,0.11385,0.0368,0.8493999999999999,positive
711,2023-01-29,0.12896,0.09097142857142858,0.04102857142857143,0.8680285714285715,positive
712,2023-01-30,0.12084999999999999,0.06826666666666667,0.0256,0.9061333333333333,positive
713,2023-01-31,0.23209117647058822,0.1381470588235294,0.04929411764705882,0.8125882352941176,positive
714,2023-02-01,0.12640277777777775,0.08458333333333333,0.042638888888888886,0.8728055555555555,positive
715,2023-02-02,0.2672295454545454,0.14402272727272727,0.04672727272727273,0.8092727272727273,positive
716,2023-02-03,0.3236625,0.12827083333333333,0.0325,0.8391875,positive
717,2023-02-04,0.33144666666666667,0.12893333333333332,0.033800000000000004,0.8372666666666667,positive
718,2023-02-05,0.2308608695652174,0.11900000000000001,0.03369565217391304,0.8474347826086956,positive
719,2023-02-06,0.24474693877551018,0.11310204081632652,0.03397959183673469,0.8529183673469387,positive
720,2023-02-07,0.37867333333333336,0.16093333333333334,0.023633333333333336,0.8154333333333333,positive
721,2023-02-08,0.3418074074074074,0.14744444444444443,0.04914814814814815,0.8034074074074075,positive
722,2023-02-09,0.3509295454545454,0.14031818181818181,0.01947727272727273,0.8401136363636365,positive
723,2023-02-10,0.44343333333333335,0.16442424242424242,0.012606060606060607,0.822939393939394,positive
724,2023-02-11,0.4156736842105263,0.192,0.009736842105263158,0.7982631578947368,positive
725,2023-02-12,0.1279941176470588,0.15235294117647058,0.04058823529411765,0.8070588235294118,positive
726,2023-02-13,0.1954135135135135,0.09924324324324325,0.030459459459459458,0.8703243243243243,positive
727,2023-02-14,0.328968085106383,0.12970212765957448,0.04348936170212766,0.8267872340425533,positive
728,2023-02-15,0.3369898305084746,0.1278135593220339,0.020355932203389833,0.8518474576271187,positive
729,2023-02-16,0.2191015873015873,0.11720634920634922,0.03525396825396825,0.8475079365079365,positive
730,2023-02-17,0.30146078431372547,0.11150980392156863,0.016098039215686272,0.8724117647058824,positive
731,2023-02-18,0.09594347826086957,0.07386956521739131,0.0502608695652174,0.8758260869565216,positive
732,2023-02-19,0.061608163265306125,0.08477551020408162,0.05169387755102041,0.863530612244898,positive
733,2023-02-20,0.24915,0.11589130434782607,0.019695652173913045,0.8643695652173914,positive
734,2023-02-21,0.18572368421052632,0.11471052631578947,0.04344736842105263,0.8418684210526316,positive
735,2023-02-22,0.19657735849056604,0.10413207547169812,0.03388679245283019,0.8619811320754718,positive
736,2023-02-23,0.24777352941176473,0.12045588235294119,0.03766176470588235,0.8418529411764706,positive
737,2023-02-24,0.2123948275862069,0.10732758620689654,0.052620689655172415,0.8400172413793103,positive
738,2023-02-25,0.1232410399257196,0.0776564531104921,0.03789136490250696,0.8844484679665738,positive
739,2023-02-26,0.15575077072696328,0.1013898371018721,0.03306141502552881,0.8655485533673718,positive
740,2023-02-27,0.15721048678105898,0.08813086383386111,0.034274615214669714,0.8775931953752117,positive
741,2023-02-28,0.12059994678256242,0.07627021153931439,0.03501747305867223,0.8887108075746153,positive
742,2023-03-01,0.1407791453654409,0.08225741282656983,0.03415904523498924,0.8835496950252089,positive
743,2023-03-02,0.1457053820278712,0.0826988627262534,0.035791045971488064,0.8814313631267019,positive
744,2023-03-03,0.1021110034602076,0.07627303344867359,0.04378514417531719,0.8799044059976932,positive
745,2023-03-04,0.10780793258168431,0.07721767142199724,0.04248964565117349,0.8802917050161068,positive
746,2023-03-05,0.1429828550222662,0.08505764473033152,0.038554057397328055,0.8763936170212765,positive
747,2023-03-06,0.3061443181818182,0.10236363636363638,0.02155681818181818,0.8760795454545455,positive
748,2023-03-07,0.2103280487804878,0.1033170731707317,0.03348780487804878,0.8631951219512195,positive
749,2023-03-08,0.1587876712328767,0.08836986301369863,0.03909589041095891,0.8725616438356165,positive
750,2023-03-09,0.20744105263157897,0.11034736842105264,0.03843157894736842,0.8511894736842105,positive
751,2023-03-10,0.1286867256637168,0.10336283185840708,0.05458407079646018,0.8420530973451328,positive
752,2023-03-11,0.154407,0.08759,0.03783,0.87456,positive
753,2023-03-12,0.23949324324324325,0.11833783783783783,0.04221621621621622,0.8394054054054054,positive
754,2023-03-13,0.20599777777777778,0.09996296296296298,0.044422222222222224,0.8556222222222222,positive
755,2023-03-14,0.22996,0.107775,0.02948333333333333,0.862725,positive
756,2023-03-15,0.20763653846153846,0.11116346153846154,0.032346153846153844,0.8564999999999999,positive
757,2023-03-16,0.21305384615384615,0.10279120879120879,0.043681318681318686,0.8535384615384615,positive
758,2023-03-17,0.19820614035087716,0.09309649122807018,0.03474561403508772,0.8721666666666666,positive
759,2023-03-18,0.2389154929577465,0.09254929577464788,0.03676056338028169,0.8707464788732394,positive
760,2023-03-19,0.23286557377049177,0.11818032786885246,0.04860655737704918,0.8332131147540983,positive
761,2023-03-20,0.2730107142857143,0.08910714285714286,0.021866071428571426,0.8890446428571428,positive
762,2023-03-21,0.24067640449438205,0.1073258426966292,0.03285393258426966,0.8597865168539326,positive
763,2023-03-22,0.23939359999999998,0.098032,0.033712000000000006,0.868224,positive
764,2023-03-23,0.21594731182795696,0.11078494623655914,0.043806451612903224,0.8453978494623656,positive
765,2023-03-24,0.18063625,0.08498750000000001,0.028362500000000002,0.8866375,positive
766,2023-03-25,0.2466340909090909,0.09036363636363637,0.031818181818181815,0.8778181818181818,positive
767,2023-03-26,0.3209840909090909,0.10822727272727274,0.02575,0.8660454545454546,positive
768,2023-03-27,0.14871219512195122,0.09802439024390244,0.038097560975609755,0.8639024390243902,positive
769,2023-03-28,0.18604354838709675,0.09803225806451614,0.04208064516129032,0.8598870967741936,positive
770,2023-03-29,0.20256086956521738,0.11133333333333334,0.049927536231884055,0.8388260869565217,positive
771,2023-03-30,0.3665578125,0.148125,0.0273125,0.824625,positive
772,2023-03-31,0.1711304347826087,0.08832608695652173,0.04167391304347826,0.8700434782608696,positive
773,2023-04-01,0.17729090909090908,0.10057575757575757,0.05590909090909091,0.8434848484848485,positive
774,2023-04-02,0.18486315789473684,0.10463157894736842,0.04568421052631579,0.8497105263157895,positive
775,2023-04-03,0.19115483870967742,0.10772043010752688,0.04080645161290322,0.8514623655913979,positive
776,2023-04-04,0.2181550561797753,0.10776404494382022,0.027719101123595505,0.864561797752809,positive
777,2023-04-05,0.17913150684931506,0.08363013698630138,0.02121917808219178,0.8951506849315068,positive
778,2023-04-06,0.23761555555555555,0.10021111111111111,0.023466666666666667,0.8763333333333334,positive
779,2023-04-07,0.2513744186046512,0.0961860465116279,0.023790697674418604,0.8800465116279069,positive
780,2023-04-08,0.25035142857142856,0.12485714285714286,0.022285714285714287,0.8528571428571429,positive
781,2023-04-09,0.21628536585365857,0.09626829268292683,0.034487804878048776,0.869219512195122,positive
782,2023-04-10,0.159105376344086,0.08702150537634408,0.04706451612903226,0.8659247311827958,positive
783,2023-04-11,0.22761920529801324,0.10913907284768212,0.024907284768211923,0.8659337748344371,positive
784,2023-04-12,0.2375081300813008,0.09439024390243902,0.026772357723577236,0.8788373983739837,positive
785,2023-04-13,0.2550525862068966,0.12545689655172412,0.021629310344827585,0.8528965517241379,positive
786,2023-04-14,0.2139184,0.124776,0.040432,0.8267920000000001,positive
787,2023-04-15,0.27971076923076926,0.13812307692307693,0.025892307692307694,0.8359846153846153,positive
788,2023-04-16,0.15863225806451614,0.09306451612903226,0.03391935483870968,0.8730322580645161,positive
789,2023-04-17,0.3108072072072072,0.12536036036036036,0.022621621621621624,0.852036036036036,positive
790,2023-04-18,0.26428888888888885,0.11547863247863248,0.034401709401709404,0.8501196581196581,positive
791,2023-04-19,0.20335617977528092,0.11106741573033707,0.04169662921348315,0.8472584269662922,positive
792,2023-04-20,0.06617816091954024,0.056678160919540234,0.042517241379310344,0.9008045977011495,positive
793,2023-04-21,0.17746493506493505,0.09718181818181817,0.03758441558441559,0.8652337662337662,positive
794,2023-04-22,0.08374594594594595,0.09354054054054053,0.049243243243243244,0.8571621621621621,positive
795,2023-04-23,0.01612903225806452,0.06248387096774194,0.048,0.8894193548387096,neutral
796,2023-04-24,0.1784179775280899,0.09641573033707865,0.03749438202247191,0.8660786516853933,positive
797,2023-04-25,0.2047605633802817,0.11007042253521128,0.04564788732394366,0.8442394366197183,positive
798,2023-04-26,0.1514791366906475,0.0930503597122302,0.05537410071942446,0.8515683453237409,positive
799,2023-04-27,0.192025,0.10122500000000001,0.0315,0.8672625,positive
800,2023-04-28,0.1542890410958904,0.10679452054794521,0.048013698630136985,0.8314520547945206,positive
801,2023-04-29,0.2502357142857143,0.10717857142857143,0.033607142857142856,0.8592142857142857,positive
802,2023-04-30,0.15844166666666668,0.09745833333333333,0.015708333333333335,0.8868333333333333,positive
803,2023-05-01,0.23267457627118646,0.10706779661016949,0.03857627118644068,0.8543728813559323,positive
804,2023-05-02,0.23805940594059408,0.11102970297029703,0.03318811881188119,0.84590099009901,positive
805,2023-05-03,0.12364712643678162,0.09391954022988505,0.05333333333333333,0.8527701149425287,positive
806,2023-05-04,0.13103333333333333,0.09490625000000001,0.0468125,0.8582708333333334,positive
807,2023-05-05,0.17215225225225222,0.10823423423423423,0.04245045045045045,0.8493423423423424,positive
808,2023-05-06,0.18651800000000002,0.09098,0.03264,0.8763599999999999,positive
809,2023-05-07,0.14539464285714285,0.093625,0.05535714285714286,0.8510178571428572,positive
810,2023-05-08,0.22254731182795698,0.10812903225806453,0.031978494623655915,0.8598817204301075,positive
811,2023-05-09,0.2435344827586207,0.10971264367816091,0.03531034482758621,0.8549885057471265,positive
812,2023-05-10,0.1435494845360825,0.09274226804123711,0.05571134020618557,0.8515670103092784,positive
813,2023-05-11,0.11193535353535354,0.08975757575757574,0.04829292929292929,0.861979797979798,positive
814,2023-05-12,0.13994347826086956,0.09343478260869566,0.050945652173913045,0.8447391304347825,positive
815,2023-05-13,0.25778199999999996,0.11152,0.022359999999999998,0.86612,positive
816,2023-05-14,0.1426148936170213,0.10291489361702127,0.054276595744680856,0.8428936170212766,positive
817,2023-05-15,0.2059181818181818,0.10881818181818181,0.038919191919191916,0.8522828282828283,positive
818,2023-05-16,0.14022735849056606,0.08621698113207546,0.05975471698113207,0.8540377358490566,positive
819,2023-05-17,0.23391583333333335,0.11479166666666667,0.0332,0.8519583333333334,positive
820,2023-05-18,0.23446451612903224,0.11287096774193549,0.04421505376344086,0.8429247311827957,positive
821,2023-05-19,0.22516386554621848,0.10694957983193278,0.03246218487394958,0.8605714285714285,positive
822,2023-05-20,0.2605647058823529,0.11823529411764705,0.041808823529411766,0.8400147058823529,positive
823,2023-05-21,0.14814545454545455,0.09798701298701298,0.052558441558441554,0.8495194805194805,positive
824,2023-05-22,0.25388348623853213,0.1284587155963303,0.04030275229357798,0.8312018348623853,positive
825,2023-05-23,0.24086831683168317,0.13063366336633664,0.05486138613861387,0.8144752475247525,positive
826,2023-05-24,0.2307755244755245,0.10527972027972028,0.05016083916083916,0.8445664335664336,positive
827,2023-05-25,0.1899044776119403,0.10083582089552239,0.05669402985074627,0.842455223880597,positive
828,2023-05-26,0.23521194968553458,0.11461006289308176,0.039779874213836476,0.8456163522012579,positive
829,2023-05-27,0.2722972972972973,0.13145945945945947,0.059846846846846845,0.8086486486486487,positive
830,2023-05-28,0.2217730769230769,0.12305769230769231,0.046384615384615385,0.8305,positive
831,2023-05-29,0.36912867132867133,0.14403496503496505,0.03325874125874126,0.8226713286713286,positive
832,2023-05-30,0.27606888888888886,0.12917777777777778,0.04572222222222223,0.8251111111111111,positive
833,2023-05-31,0.239790395480226,0.11907344632768362,0.059988700564971756,0.8209491525423729,positive
834,2023-06-01,0.3101687898089172,0.13362420382165605,0.05112738853503184,0.8152165605095542,positive
835,2023-06-02,0.32773875,0.1365375,0.0423125,0.82113125,positive
836,2023-06-03,0.3523778947368421,0.1359157894736842,0.0457578947368421,0.8183157894736841,positive
837,2023-06-04,0.3568021505376344,0.14274193548387099,0.034999999999999996,0.8222903225806452,positive
838,2023-06-05,0.16868415841584158,0.11316831683168317,0.06714851485148515,0.8196831683168316,positive
839,2023-06-06,0.19897307692307692,0.11321153846153847,0.053375,0.8334471153846154,positive
840,2023-06-07,0.22380616113744076,0.12886255924170617,0.05776777251184834,0.8134123222748815,positive
841,2023-06-08,0.25850897435897435,0.13277564102564104,0.06067307692307692,0.806551282051282,positive
842,2023-06-09,0.21294247311827957,0.11999462365591397,0.057817204301075266,0.8222096774193549,positive
843,2023-06-10,0.1465941935483871,0.10286451612903225,0.061812903225806445,0.8353354838709678,positive
844,2023-06-11,0.22985604395604398,0.1255934065934066,0.056120879120879125,0.8183076923076923,positive
845,2023-06-12,0.13640857142857143,0.08505,0.051814285714285716,0.8631642857142857,positive
